agency,year,state,population,ORI,agg_assault_tot_arrests,agg_assault_tot_adult,agg_assault_tot_juv,agg_assault_tot_male,agg_assault_tot_female,agg_assault_tot_male_adult,agg_assault_tot_male_juv,agg_assault_tot_female_adult,agg_assault_tot_female_juv,oth_assault_tot_arrests,oth_assault_tot_adult,oth_assault_tot_juv,oth_assault_tot_male,oth_assault_tot_female,oth_assault_tot_male_adult,oth_assault_tot_male_juv,oth_assault_tot_female_adult,oth_assault_tot_female_juv,arson_tot_arrests,arson_tot_adult,arson_tot_juv,arson_tot_male,arson_tot_female,arson_tot_male_adult,arson_tot_male_juv,arson_tot_female_adult,arson_tot_female_juv,burglary_tot_arrests,burglary_tot_adult,burglary_tot_juv,burglary_tot_male,burglary_tot_female,burglary_tot_male_adult,burglary_tot_male_juv,burglary_tot_female_adult,burglary_tot_female_juv,curfew_tot_arrests,curfew_tot_adult,curfew_tot_juv,curfew_tot_male,curfew_tot_female,curfew_tot_male_adult,curfew_tot_male_juv,curfew_tot_female_adult,curfew_tot_female_juv,disorder_cond_tot_arrests,disorder_cond_tot_adult,disorder_cond_tot_juv,disorder_cond_tot_male,disorder_cond_tot_female,disorder_cond_tot_male_adult,disorder_cond_tot_male_juv,disorder_cond_tot_female_adult,disorder_cond_tot_female_juv,total_drug_tot_arrests,total_drug_tot_adult,total_drug_tot_juv,total_drug_tot_male,total_drug_tot_female,total_drug_tot_male_adult,total_drug_tot_male_juv,total_drug_tot_female_adult,total_drug_tot_female_juv,poss_drug_tot_arrests,poss_drug_tot_adult,poss_drug_tot_juv,poss_drug_tot_male,poss_drug_tot_female,poss_drug_tot_male_adult,poss_drug_tot_male_juv,poss_drug_tot_female_adult,poss_drug_tot_female_juv,poss_synth_narc_tot_arrests,poss_synth_narc_tot_adult,poss_synth_narc_tot_juv,poss_synth_narc_tot_male,poss_synth_narc_tot_female,poss_synth_narc_tot_male_adult,poss_synth_narc_tot_male_juv,poss_synth_narc_tot_female_adult,poss_synth_narc_tot_female_juv,poss_cannabis_tot_arrests,poss_cannabis_tot_adult,poss_cannabis_tot_juv,poss_cannabis_tot_male,poss_cannabis_tot_female,poss_cannabis_tot_male_adult,poss_cannabis_tot_male_juv,poss_cannabis_tot_female_adult,poss_cannabis_tot_female_juv,poss_heroin_coke_tot_arrests,poss_heroin_coke_tot_adult,poss_heroin_coke_tot_juv,poss_heroin_coke_tot_male,poss_heroin_coke_tot_female,poss_heroin_coke_tot_male_adult,poss_heroin_coke_tot_male_juv,poss_heroin_coke_tot_female_adul,poss_heroin_coke_tot_female_juv,poss_oth_drug_tot_arrests,poss_oth_drug_tot_adult,poss_oth_drug_tot_juv,poss_oth_drug_tot_male,poss_oth_drug_tot_female,poss_oth_drug_tot_male_adult,poss_oth_drug_tot_male_juv,poss_oth_drug_tot_female_adult,poss_oth_drug_tot_female_juv,sale_drug_tot_arrests,sale_drug_tot_adult,sale_drug_tot_juv,sale_drug_tot_male,sale_drug_tot_female,sale_drug_tot_male_adult,sale_drug_tot_male_juv,sale_drug_tot_female_adult,sale_drug_tot_female_juv,sale_synth_narc_tot_arrests,sale_synth_narc_tot_adult,sale_synth_narc_tot_juv,sale_synth_narc_tot_male,sale_synth_narc_tot_female,sale_synth_narc_tot_male_adult,sale_synth_narc_tot_male_juv,sale_synth_narc_tot_female_adult,sale_synth_narc_tot_female_juv,sale_cannabis_tot_arrests,sale_cannabis_tot_adult,sale_cannabis_tot_juv,sale_cannabis_tot_male,sale_cannabis_tot_female,sale_cannabis_tot_male_adult,sale_cannabis_tot_male_juv,sale_cannabis_tot_female_adult,sale_cannabis_tot_female_juv,sale_heroin_coke_tot_arrests,sale_heroin_coke_tot_adult,sale_heroin_coke_tot_juv,sale_heroin_coke_tot_male,sale_heroin_coke_tot_female,sale_heroin_coke_tot_male_adult,sale_heroin_coke_tot_male_juv,sale_heroin_coke_tot_female_adul,sale_heroin_coke_tot_female_juv,sale_oth_drug_tot_arrests,sale_oth_drug_tot_adult,sale_oth_drug_tot_juv,sale_oth_drug_tot_male,sale_oth_drug_tot_female,sale_oth_drug_tot_male_adult,sale_oth_drug_tot_male_juv,sale_oth_drug_tot_female_adult,sale_oth_drug_tot_female_juv,drunkenness_tot_arrests,drunkenness_tot_adult,drunkenness_tot_juv,drunkenness_tot_male,drunkenness_tot_female,drunkenness_tot_male_adult,drunkenness_tot_male_juv,drunkenness_tot_female_adult,drunkenness_tot_female_juv,dui_tot_arrests,dui_tot_adult,dui_tot_juv,dui_tot_male,dui_tot_female,dui_tot_male_adult,dui_tot_male_juv,dui_tot_female_adult,dui_tot_female_juv,embezzlement_tot_arrests,embezzlement_tot_adult,embezzlement_tot_juv,embezzlement_tot_male,embezzlement_tot_female,embezzlement_tot_male_adult,embezzlement_tot_male_juv,embezzlement_tot_female_adult,embezzlement_tot_female_juv,family_offenses_tot_arrests,family_offenses_tot_adult,family_offenses_tot_juv,family_offenses_tot_male,family_offenses_tot_female,family_offenses_tot_male_adult,family_offenses_tot_male_juv,family_offenses_tot_female_adult,family_offenses_tot_female_juv,forgery_tot_arrests,forgery_tot_adult,forgery_tot_juv,forgery_tot_male,forgery_tot_female,forgery_tot_male_adult,forgery_tot_male_juv,forgery_tot_female_adult,forgery_tot_female_juv,fraud_tot_arrests,fraud_tot_adult,fraud_tot_juv,fraud_tot_male,fraud_tot_female,fraud_tot_male_adult,fraud_tot_male_juv,fraud_tot_female_adult,fraud_tot_female_juv,total_gambling_tot_arrests,total_gambling_tot_adult,total_gambling_tot_juv,total_gambling_tot_male,total_gambling_tot_female,total_gambling_tot_male_adult,total_gambling_tot_male_juv,total_gambling_tot_female_adult,total_gambling_tot_female_juv,bookmaking_tot_arrests,bookmaking_tot_adult,bookmaking_tot_juv,bookmaking_tot_male,bookmaking_tot_female,bookmaking_tot_male_adult,bookmaking_tot_male_juv,bookmaking_tot_female_adult,bookmaking_tot_female_juv,number_lottery_tot_arrests,number_lottery_tot_adult,number_lottery_tot_juv,number_lottery_tot_male,number_lottery_tot_female,number_lottery_tot_male_adult,number_lottery_tot_male_juv,number_lottery_tot_female_adult,number_lottery_tot_female_juv,oth_gambling_tot_arrests,oth_gambling_tot_adult,oth_gambling_tot_juv,oth_gambling_tot_male,oth_gambling_tot_female,oth_gambling_tot_male_adult,oth_gambling_tot_male_juv,oth_gambling_tot_female_adult,oth_gambling_tot_female_juv,liquor_tot_arrests,liquor_tot_adult,liquor_tot_juv,liquor_tot_male,liquor_tot_female,liquor_tot_male_adult,liquor_tot_male_juv,liquor_tot_female_adult,liquor_tot_female_juv,manslaught_neg_tot_arrests,manslaught_neg_tot_adult,manslaught_neg_tot_juv,manslaught_neg_tot_male,manslaught_neg_tot_female,manslaught_neg_tot_male_adult,manslaught_neg_tot_male_juv,manslaught_neg_tot_female_adult,manslaught_neg_tot_female_juv,mtr_veh_theft_tot_arrests,mtr_veh_theft_tot_adult,mtr_veh_theft_tot_juv,mtr_veh_theft_tot_male,mtr_veh_theft_tot_female,mtr_veh_theft_tot_male_adult,mtr_veh_theft_tot_male_juv,mtr_veh_theft_tot_female_adult,mtr_veh_theft_tot_female_juv,murder_tot_arrests,murder_tot_adult,murder_tot_juv,murder_tot_male,murder_tot_female,murder_tot_male_adult,murder_tot_male_juv,murder_tot_female_adult,murder_tot_female_juv,oth_non_traffic_tot_arrests,oth_non_traffic_tot_adult,oth_non_traffic_tot_juv,oth_non_traffic_tot_male,oth_non_traffic_tot_female,oth_non_traffic_tot_male_adult,oth_non_traffic_tot_male_juv,oth_non_traffic_tot_female_adult,oth_non_traffic_tot_female_juv,prostitution_tot_arrests,prostitution_tot_adult,prostitution_tot_juv,prostitution_tot_male,prostitution_tot_female,prostitution_tot_male_adult,prostitution_tot_male_juv,prostitution_tot_female_adult,prostitution_tot_female_juv,rape_tot_arrests,rape_tot_adult,rape_tot_juv,rape_tot_male,rape_tot_female,rape_tot_male_adult,rape_tot_male_juv,rape_tot_female_adult,rape_tot_female_juv,robbery_tot_arrests,robbery_tot_adult,robbery_tot_juv,robbery_tot_male,robbery_tot_female,robbery_tot_male_adult,robbery_tot_male_juv,robbery_tot_female_adult,robbery_tot_female_juv,runaway_tot_arrests,runaway_tot_adult,runaway_tot_juv,runaway_tot_male,runaway_tot_female,runaway_tot_male_adult,runaway_tot_male_juv,runaway_tot_female_adult,runaway_tot_female_juv,oth_sex_off_tot_arrests,oth_sex_off_tot_adult,oth_sex_off_tot_juv,oth_sex_off_tot_male,oth_sex_off_tot_female,oth_sex_off_tot_male_adult,oth_sex_off_tot_male_juv,oth_sex_off_tot_female_adult,oth_sex_off_tot_female_juv,stolen_property_tot_arrests,stolen_property_tot_adult,stolen_property_tot_juv,stolen_property_tot_male,stolen_property_tot_female,stolen_property_tot_male_adult,stolen_property_tot_male_juv,stolen_property_tot_female_adult,stolen_property_tot_female_juv,suspicion_tot_arrests,suspicion_tot_adult,suspicion_tot_juv,suspicion_tot_male,suspicion_tot_female,suspicion_tot_male_adult,suspicion_tot_male_juv,suspicion_tot_female_adult,suspicion_tot_female_juv,theft_tot_arrests,theft_tot_adult,theft_tot_juv,theft_tot_male,theft_tot_female,theft_tot_male_adult,theft_tot_male_juv,theft_tot_female_adult,theft_tot_female_juv,vagrancy_tot_arrests,vagrancy_tot_adult,vagrancy_tot_juv,vagrancy_tot_male,vagrancy_tot_female,vagrancy_tot_male_adult,vagrancy_tot_male_juv,vagrancy_tot_female_adult,vagrancy_tot_female_juv,vandalism_tot_arrests,vandalism_tot_adult,vandalism_tot_juv,vandalism_tot_male,vandalism_tot_female,vandalism_tot_male_adult,vandalism_tot_male_juv,vandalism_tot_female_adult,vandalism_tot_female_juv,weapons_tot_arrests,weapons_tot_adult,weapons_tot_juv,weapons_tot_male,weapons_tot_female,weapons_tot_male_adult,weapons_tot_male_juv,weapons_tot_female_adult,weapons_tot_female_juv
Mathews County Sheriff's Office,2016,Virginia,8794,VA05700,1,1,0,0,1,0,0,1,0,15,14,1,12,3,11,1,3,1,0,0,0,0,0,0,0,0,0,3,3,0,2,1,2,0,1,0,0,0,0,0,0,0,0,0,0,0,0,0,0,0,0,0,0,0,20,19,1,19,1,18,1,1,1,11,10,1,11,0,10,1,0,1,0,0,0,0,0,0,0,0,0,10,9,1,10,0,9,1,0,1,1,1,0,1,0,1,0,0,0,0,0,0,0,0,0,0,0,0,9,9,0,8,1,8,0,1,0,4,4,0,3,1,3,0,1,0,2,2,0,2,0,2,0,0,0,3,3,0,3,0,3,0,0,0,0,0,0,0,0,0,0,0,0,2,2,0,2,0,2,0,0,0,5,5,0,4,1,4,0,1,0,2,2,0,0,2,0,0,2,0,1,1,0,0,1,0,0,1,0,0,0,0,0,0,0,0,0,0,0,0,0,0,0,0,0,0,0,0,0,0,0,0,0,0,0,0,0,0,0,0,0,0,0,0,0,0,0,0,0,0,0,0,0,0,0,0,0,0,0,0,0,0,0,1,0,1,1,0,0,1,0,1,0,0,0,0,0,0,0,0,0,2,2,0,1,1,1,0,1,0,1,1,0,0,1,0,0,1,0,19,17,2,16,3,14,2,3,2,0,0,0,0,0,0,0,0,0,1,1,0,1,0,1,0,0,0,0,0,0,0,0,0,0,0,0,0,0,0,0,0,0,0,0,0,0,0,0,0,0,0,0,0,0,0,0,0,0,0,0,0,0,0,0,0,0,0,0,0,0,0,0,8,7,1,6,2,5,1,2,1,0,0,0,0,0,0,0,0,0,12,8,4,12,0,8,4,0,4,2,2,0,2,0,2,0,0,0
Mathews County Sheriff's Office,2015,Virginia,8779,VA05700,1,1,0,1,0,1,0,0,0,13,12,1,9,4,9,0,3,0,0,0,0,0,0,0,0,0,0,10,10,0,8,2,8,0,2,0,0,0,0,0,0,0,0,0,0,0,0,0,0,0,0,0,0,0,24,24,0,17,7,17,0,7,0,6,6,0,4,2,4,0,2,0,0,0,0,0,0,0,0,0,0,4,4,0,3,1,3,0,1,0,2,2,0,1,1,1,0,1,0,0,0,0,0,0,0,0,0,0,18,18,0,13,5,13,0,5,0,4,4,0,3,1,3,0,1,0,1,1,0,1,0,1,0,0,0,12,12,0,9,3,9,0,3,0,1,1,0,0,1,0,0,1,0,1,1,0,1,0,1,0,0,0,4,4,0,3,1,3,0,1,0,1,1,0,0,1,0,0,1,0,3,3,0,0,3,0,0,3,0,0,0,0,0,0,0,0,0,0,4,4,0,4,0,4,0,0,0,0,0,0,0,0,0,0,0,0,0,0,0,0,0,0,0,0,0,0,0,0,0,0,0,0,0,0,0,0,0,0,0,0,0,0,0,0,0,0,0,0,0,0,0,0,0,0,0,0,0,0,0,0,0,1,1,0,1,0,1,0,0,0,0,0,0,0,0,0,0,0,0,8,4,4,8,0,4,4,0,4,0,0,0,0,0,0,0,0,0,0,0,0,0,0,0,0,0,0,1,1,0,1,0,1,0,0,0,0,0,0,0,0,0,0,0,0,1,1,0,1,0,1,0,0,0,1,1,0,1,0,1,0,0,0,0,0,0,0,0,0,0,0,0,7,6,1,6,1,5,1,1,1,0,0,0,0,0,0,0,0,0,0,0,0,0,0,0,0,0,0,2,2,0,2,0,2,0,0,0
Mathews County Sheriff's Office,2014,Virginia,8883,VA05700,1,1,0,1,0,1,0,0,0,9,8,1,6,3,5,1,3,1,0,0,0,0,0,0,0,0,0,6,6,0,6,0,6,0,0,0,0,0,0,0,0,0,0,0,0,1,1,0,1,0,1,0,0,0,32,30,2,28,4,26,2,4,2,15,13,2,13,2,11,2,2,2,2,2,0,1,1,1,0,1,0,7,5,2,7,0,5,2,0,2,6,6,0,5,1,5,0,1,0,0,0,0,0,0,0,0,0,0,16,16,0,14,2,14,0,2,0,0,0,0,0,0,0,0,0,0,0,0,0,0,0,0,0,0,0,15,15,0,14,1,14,0,1,0,1,1,0,0,1,0,0,1,0,7,7,0,5,2,5,0,2,0,6,6,0,4,2,4,0,2,0,0,0,0,0,0,0,0,0,0,0,0,0,0,0,0,0,0,0,0,0,0,0,0,0,0,0,0,1,1,0,1,0,1,0,0,0,0,0,0,0,0,0,0,0,0,0,0,0,0,0,0,0,0,0,0,0,0,0,0,0,0,0,0,0,0,0,0,0,0,0,0,0,0,0,0,0,0,0,0,0,0,0,0,0,0,0,0,0,0,0,0,0,0,0,0,0,0,0,0,0,0,0,0,0,0,0,0,0,9,8,1,8,1,7,1,1,1,0,0,0,0,0,0,0,0,0,0,0,0,0,0,0,0,0,0,0,0,0,0,0,0,0,0,0,0,0,0,0,0,0,0,0,0,1,0,1,1,0,0,1,0,1,0,0,0,0,0,0,0,0,0,0,0,0,0,0,0,0,0,0,8,8,0,6,2,6,0,2,0,0,0,0,0,0,0,0,0,0,4,4,0,4,0,4,0,0,0,1,1,0,1,0,1,0,0,0
Mathews County Sheriff's Office,2013,Virginia,8879,VA05700,0,0,0,0,0,0,0,0,0,16,16,0,9,7,9,0,7,0,0,0,0,0,0,0,0,0,0,13,13,0,12,1,12,0,1,0,0,0,0,0,0,0,0,0,0,0,0,0,0,0,0,0,0,0,51,49,2,40,11,38,2,11,2,9,7,2,6,3,4,2,3,2,2,2,0,1,1,1,0,1,0,4,2,2,2,2,0,2,2,2,1,1,0,1,0,1,0,0,0,2,2,0,2,0,2,0,0,0,42,42,0,34,8,34,0,8,0,12,12,0,11,1,11,0,1,0,5,5,0,5,0,5,0,0,0,20,20,0,18,2,18,0,2,0,5,5,0,0,5,0,0,5,0,2,2,0,2,0,2,0,0,0,8,8,0,8,0,8,0,0,0,0,0,0,0,0,0,0,0,0,0,0,0,0,0,0,0,0,0,0,0,0,0,0,0,0,0,0,3,3,0,0,3,0,0,3,0,0,0,0,0,0,0,0,0,0,0,0,0,0,0,0,0,0,0,0,0,0,0,0,0,0,0,0,0,0,0,0,0,0,0,0,0,0,0,0,0,0,0,0,0,0,0,0,0,0,0,0,0,0,0,1,1,0,1,0,1,0,0,0,0,0,0,0,0,0,0,0,0,7,6,1,6,1,5,1,1,1,0,0,0,0,0,0,0,0,0,0,0,0,0,0,0,0,0,0,0,0,0,0,0,0,0,0,0,0,0,0,0,0,0,0,0,0,0,0,0,0,0,0,0,0,0,0,0,0,0,0,0,0,0,0,0,0,0,0,0,0,0,0,0,21,21,0,16,5,16,0,5,0,0,0,0,0,0,0,0,0,0,7,7,0,7,0,7,0,0,0,3,3,0,3,0,3,0,0,0
Mathews County Sheriff's Office,2012,Virginia,9061,VA05700,7,7,0,6,1,6,0,1,0,35,35,0,23,12,23,0,12,0,1,0,1,1,0,0,1,0,1,12,4,8,8,4,4,3,0,3,0,0,0,0,0,0,0,0,0,0,0,0,0,0,0,0,0,0,4,4,0,3,1,3,0,1,0,4,4,0,3,1,3,0,1,0,0,0,0,0,0,0,0,0,0,4,4,0,3,1,3,0,1,0,0,0,0,0,0,0,0,0,0,0,0,0,0,0,0,0,0,0,0,0,0,0,0,0,0,0,0,0,0,0,0,0,0,0,0,0,0,0,0,0,0,0,0,0,0,0,0,0,0,0,0,0,0,0,0,0,0,0,0,0,0,0,0,9,9,0,5,4,5,0,4,0,14,14,0,8,6,8,0,6,0,0,0,0,0,0,0,0,0,0,0,0,0,0,0,0,0,0,0,0,0,0,0,0,0,0,0,0,1,1,0,0,1,0,0,1,0,0,0,0,0,0,0,0,0,0,0,0,0,0,0,0,0,0,0,0,0,0,0,0,0,0,0,0,0,0,0,0,0,0,0,0,0,0,0,0,0,0,0,0,0,0,0,0,0,0,0,0,0,0,0,1,1,0,0,1,0,0,1,0,0,0,0,0,0,0,0,0,0,28,27,1,22,6,21,1,6,1,0,0,0,0,0,0,0,0,0,0,0,0,0,0,0,0,0,0,0,0,0,0,0,0,0,0,0,1,0,1,0,1,0,0,0,0,2,2,0,2,0,2,0,0,0,0,0,0,0,0,0,0,0,0,0,0,0,0,0,0,0,0,0,25,24,1,23,2,22,1,2,1,0,0,0,0,0,0,0,0,0,10,4,6,10,0,4,6,0,6,1,1,0,1,0,1,0,0,0
Mathews County Sheriff's Office,2011,Virginia,9085,VA05700,2,2,0,0,2,0,0,2,0,54,48,6,33,21,29,4,19,4,1,1,0,1,0,1,0,0,0,7,7,0,7,0,7,0,0,0,0,0,0,0,0,0,0,0,0,0,0,0,0,0,0,0,0,0,14,13,1,8,6,8,0,5,0,13,12,1,7,6,7,0,5,0,1,1,0,0,1,0,0,1,0,8,7,1,5,3,5,0,2,0,2,2,0,1,1,1,0,1,0,2,2,0,1,1,1,0,1,0,0,0,0,0,0,0,0,0,0,0,0,0,0,0,0,0,0,0,0,0,0,0,0,0,0,0,0,0,0,0,0,0,0,0,0,0,0,0,0,0,0,0,0,0,0,13,13,0,11,2,11,0,2,0,15,15,0,9,6,9,0,6,0,0,0,0,0,0,0,0,0,0,0,0,0,0,0,0,0,0,0,0,0,0,0,0,0,0,0,0,3,3,0,1,2,1,0,2,0,0,0,0,0,0,0,0,0,0,0,0,0,0,0,0,0,0,0,0,0,0,0,0,0,0,0,0,0,0,0,0,0,0,0,0,0,2,2,0,1,1,1,0,1,0,0,0,0,0,0,0,0,0,0,4,4,0,4,0,4,0,0,0,0,0,0,0,0,0,0,0,0,34,34,0,24,10,24,0,10,0,0,0,0,0,0,0,0,0,0,0,0,0,0,0,0,0,0,0,0,0,0,0,0,0,0,0,0,0,0,0,0,0,0,0,0,0,0,0,0,0,0,0,0,0,0,0,0,0,0,0,0,0,0,0,0,0,0,0,0,0,0,0,0,11,9,2,6,5,4,2,5,2,0,0,0,0,0,0,0,0,0,4,4,0,3,1,3,0,1,0,4,4,0,4,0,4,0,0,0
Mathews County Sheriff's Office,2010,Virginia,8978,VA05700,2,2,0,1,1,1,0,1,0,36,36,0,24,12,24,0,12,0,0,0,0,0,0,0,0,0,0,8,8,0,7,1,7,0,1,0,0,0,0,0,0,0,0,0,0,2,2,0,2,0,2,0,0,0,15,15,0,8,7,8,0,7,0,15,15,0,8,7,8,0,7,0,1,1,0,1,0,1,0,0,0,11,11,0,5,6,5,0,6,0,3,3,0,2,1,2,0,1,0,0,0,0,0,0,0,0,0,0,0,0,0,0,0,0,0,0,0,0,0,0,0,0,0,0,0,0,0,0,0,0,0,0,0,0,0,0,0,0,0,0,0,0,0,0,0,0,0,0,0,0,0,0,0,19,19,0,15,4,15,0,4,0,10,10,0,9,1,9,0,1,0,1,1,0,0,1,0,0,1,0,3,3,0,2,1,2,0,1,0,2,2,0,0,2,0,0,2,0,5,5,0,0,5,0,0,5,0,0,0,0,0,0,0,0,0,0,0,0,0,0,0,0,0,0,0,0,0,0,0,0,0,0,0,0,0,0,0,0,0,0,0,0,0,3,3,0,2,1,2,0,1,0,0,0,0,0,0,0,0,0,0,1,0,1,0,1,0,0,0,0,0,0,0,0,0,0,0,0,0,28,28,0,17,11,17,0,11,0,0,0,0,0,0,0,0,0,0,1,1,0,1,0,1,0,0,0,0,0,0,0,0,0,0,0,0,1,0,1,0,1,0,0,0,0,0,0,0,0,0,0,0,0,0,0,0,0,0,0,0,0,0,0,0,0,0,0,0,0,0,0,0,18,18,0,13,5,13,0,5,0,0,0,0,0,0,0,0,0,0,4,2,2,4,0,2,2,0,2,2,2,0,2,0,2,0,0,0
Mathews County Sheriff's Office,2009,Virginia,9055,VA05700,7,7,0,5,2,5,0,2,0,27,25,2,19,8,19,0,6,0,1,1,0,1,0,1,0,0,0,5,5,0,4,1,4,0,1,0,0,0,0,0,0,0,0,0,0,2,2,0,2,0,2,0,0,0,30,28,2,20,10,18,2,10,2,26,24,2,17,9,15,2,9,2,0,0,0,0,0,0,0,0,0,21,19,2,15,6,13,2,6,2,5,5,0,2,3,2,0,3,0,0,0,0,0,0,0,0,0,0,4,4,0,3,1,3,0,1,0,2,2,0,1,1,1,0,1,0,0,0,0,0,0,0,0,0,0,2,2,0,2,0,2,0,0,0,0,0,0,0,0,0,0,0,0,29,29,0,22,7,22,0,7,0,18,17,1,13,5,13,0,4,0,1,1,0,0,1,0,0,1,0,0,0,0,0,0,0,0,0,0,0,0,0,0,0,0,0,0,0,4,4,0,1,3,1,0,3,0,0,0,0,0,0,0,0,0,0,0,0,0,0,0,0,0,0,0,0,0,0,0,0,0,0,0,0,0,0,0,0,0,0,0,0,0,5,4,1,4,1,3,1,1,1,0,0,0,0,0,0,0,0,0,4,2,2,2,2,2,0,0,0,1,1,0,1,0,1,0,0,0,26,24,2,17,9,16,1,8,1,0,0,0,0,0,0,0,0,0,0,0,0,0,0,0,0,0,0,0,0,0,0,0,0,0,0,0,0,0,0,0,0,0,0,0,0,1,0,1,1,0,0,1,0,1,0,0,0,0,0,0,0,0,0,0,0,0,0,0,0,0,0,0,25,15,10,16,9,11,5,4,5,0,0,0,0,0,0,0,0,0,4,3,1,2,2,2,0,1,0,3,3,0,3,0,3,0,0,0
Mathews County Sheriff's Office,2008,Virginia,8989,VA05700,3,3,0,2,1,2,0,1,0,47,45,2,36,11,34,2,11,2,0,0,0,0,0,0,0,0,0,13,10,3,12,1,9,3,1,3,0,0,0,0,0,0,0,0,0,3,3,0,2,1,2,0,1,0,19,19,0,13,6,13,0,6,0,19,19,0,13,6,13,0,6,0,1,1,0,0,1,0,0,1,0,8,8,0,7,1,7,0,1,0,6,6,0,3,3,3,0,3,0,4,4,0,3,1,3,0,1,0,0,0,0,0,0,0,0,0,0,0,0,0,0,0,0,0,0,0,0,0,0,0,0,0,0,0,0,0,0,0,0,0,0,0,0,0,0,0,0,0,0,0,0,0,0,32,29,3,27,5,24,3,5,3,27,27,0,20,7,20,0,7,0,2,2,0,0,2,0,0,2,0,0,0,0,0,0,0,0,0,0,0,0,0,0,0,0,0,0,0,9,9,0,4,5,4,0,5,0,0,0,0,0,0,0,0,0,0,0,0,0,0,0,0,0,0,0,0,0,0,0,0,0,0,0,0,0,0,0,0,0,0,0,0,0,2,2,0,2,0,2,0,0,0,0,0,0,0,0,0,0,0,0,1,1,0,1,0,1,0,0,0,0,0,0,0,0,0,0,0,0,18,16,2,16,2,14,2,2,2,0,0,0,0,0,0,0,0,0,1,1,0,1,0,1,0,0,0,0,0,0,0,0,0,0,0,0,1,0,1,1,0,0,1,0,1,1,0,1,1,0,0,1,0,1,0,0,0,0,0,0,0,0,0,0,0,0,0,0,0,0,0,0,7,7,0,5,2,5,0,2,0,0,0,0,0,0,0,0,0,0,1,1,0,1,0,1,0,0,0,2,1,1,2,0,1,1,0,1
Mathews County Sheriff's Office,2007,Virginia,9160,VA05700,4,4,0,4,0,4,0,0,0,52,51,1,38,14,38,0,13,0,0,0,0,0,0,0,0,0,0,11,11,0,8,3,8,0,3,0,0,0,0,0,0,0,0,0,0,1,1,0,1,0,1,0,0,0,16,13,3,14,2,13,1,0,1,9,6,3,7,2,6,1,0,1,0,0,0,0,0,0,0,0,0,5,3,2,4,1,3,1,0,1,1,1,0,1,0,1,0,0,0,3,2,1,2,1,2,0,0,0,7,7,0,7,0,7,0,0,0,0,0,0,0,0,0,0,0,0,1,1,0,1,0,1,0,0,0,6,6,0,6,0,6,0,0,0,0,0,0,0,0,0,0,0,0,15,15,0,11,4,11,0,4,0,7,7,0,5,2,5,0,2,0,1,1,0,1,0,1,0,0,0,1,1,0,1,0,1,0,0,0,3,3,0,1,2,1,0,2,0,3,3,0,2,1,2,0,1,0,0,0,0,0,0,0,0,0,0,0,0,0,0,0,0,0,0,0,0,0,0,0,0,0,0,0,0,0,0,0,0,0,0,0,0,0,0,0,0,0,0,0,0,0,0,0,0,0,0,0,0,0,0,0,2,1,1,1,1,1,0,0,0,0,0,0,0,0,0,0,0,0,18,16,2,15,3,14,1,2,1,0,0,0,0,0,0,0,0,0,0,0,0,0,0,0,0,0,0,0,0,0,0,0,0,0,0,0,0,0,0,0,0,0,0,0,0,0,0,0,0,0,0,0,0,0,0,0,0,0,0,0,0,0,0,0,0,0,0,0,0,0,0,0,25,20,5,19,6,14,5,6,5,0,0,0,0,0,0,0,0,0,7,3,4,4,3,1,3,2,3,2,2,0,1,1,1,0,1,0
Mathews County Sheriff's Office,2006,Virginia,9286,VA05700,3,3,0,3,0,3,0,0,0,39,30,9,25,14,17,8,13,8,0,0,0,0,0,0,0,0,0,12,7,5,12,0,7,5,0,5,0,0,0,0,0,0,0,0,0,2,1,1,1,1,1,0,0,0,11,9,2,8,3,6,2,3,2,11,9,2,8,3,6,2,3,2,0,0,0,0,0,0,0,0,0,8,7,1,6,2,5,1,2,1,2,2,0,1,1,1,0,1,0,1,0,1,1,0,0,1,0,1,0,0,0,0,0,0,0,0,0,0,0,0,0,0,0,0,0,0,0,0,0,0,0,0,0,0,0,0,0,0,0,0,0,0,0,0,0,0,0,0,0,0,0,0,0,26,25,1,25,1,25,0,0,0,11,11,0,10,1,10,0,1,0,2,2,0,1,1,1,0,1,0,0,0,0,0,0,0,0,0,0,0,0,0,0,0,0,0,0,0,5,5,0,2,3,2,0,3,0,0,0,0,0,0,0,0,0,0,0,0,0,0,0,0,0,0,0,0,0,0,0,0,0,0,0,0,0,0,0,0,0,0,0,0,0,1,1,0,1,0,1,0,0,0,0,0,0,0,0,0,0,0,0,2,2,0,1,1,1,0,1,0,0,0,0,0,0,0,0,0,0,33,28,5,21,12,17,4,11,4,0,0,0,0,0,0,0,0,0,0,0,0,0,0,0,0,0,0,0,0,0,0,0,0,0,0,0,0,0,0,0,0,0,0,0,0,0,0,0,0,0,0,0,0,0,0,0,0,0,0,0,0,0,0,0,0,0,0,0,0,0,0,0,12,9,3,6,6,4,2,5,2,0,0,0,0,0,0,0,0,0,9,7,2,8,1,6,2,1,2,1,1,0,1,0,1,0,0,0
Mathews County Sheriff's Office,2005,Virginia,9359,VA05700,4,4,0,4,0,4,0,0,0,35,33,2,26,9,26,0,7,0,2,2,0,1,1,1,0,1,0,6,6,0,6,0,6,0,0,0,0,0,0,0,0,0,0,0,0,2,1,1,2,0,1,1,0,1,7,5,2,4,3,3,1,2,1,6,5,1,4,2,3,1,2,1,0,0,0,0,0,0,0,0,0,3,2,1,2,1,1,1,1,1,3,3,0,2,1,2,0,1,0,0,0,0,0,0,0,0,0,0,1,0,1,0,1,0,0,0,0,0,0,0,0,0,0,0,0,0,1,0,1,0,1,0,0,0,0,0,0,0,0,0,0,0,0,0,0,0,0,0,0,0,0,0,0,6,6,0,5,1,5,0,1,0,5,5,0,4,1,4,0,1,0,0,0,0,0,0,0,0,0,0,0,0,0,0,0,0,0,0,0,0,0,0,0,0,0,0,0,0,2,2,0,0,2,0,0,2,0,0,0,0,0,0,0,0,0,0,0,0,0,0,0,0,0,0,0,0,0,0,0,0,0,0,0,0,0,0,0,0,0,0,0,0,0,3,3,0,3,0,3,0,0,0,0,0,0,0,0,0,0,0,0,1,1,0,1,0,1,0,0,0,0,0,0,0,0,0,0,0,0,29,22,7,23,6,17,6,5,6,0,0,0,0,0,0,0,0,0,1,1,0,1,0,1,0,0,0,0,0,0,0,0,0,0,0,0,0,0,0,0,0,0,0,0,0,0,0,0,0,0,0,0,0,0,0,0,0,0,0,0,0,0,0,0,0,0,0,0,0,0,0,0,5,3,2,2,3,0,2,3,2,0,0,0,0,0,0,0,0,0,8,7,1,8,0,7,1,0,1,1,1,0,1,0,1,0,0,0
Mathews County Sheriff's Office,2004,Virginia,9308,VA05700,2,2,0,1,1,1,0,1,0,44,39,5,31,13,27,4,12,4,0,0,0,0,0,0,0,0,0,3,2,1,3,0,2,1,0,1,0,0,0,0,0,0,0,0,0,2,0,2,2,0,0,2,0,2,7,5,2,6,1,5,1,0,1,7,5,2,6,1,5,1,0,1,0,0,0,0,0,0,0,0,0,5,3,2,4,1,3,1,0,1,2,2,0,2,0,2,0,0,0,0,0,0,0,0,0,0,0,0,0,0,0,0,0,0,0,0,0,0,0,0,0,0,0,0,0,0,0,0,0,0,0,0,0,0,0,0,0,0,0,0,0,0,0,0,0,0,0,0,0,0,0,0,0,14,14,0,13,1,13,0,1,0,28,27,1,23,5,22,1,5,1,0,0,0,0,0,0,0,0,0,1,1,0,1,0,1,0,0,0,0,0,0,0,0,0,0,0,0,5,5,0,3,2,3,0,2,0,0,0,0,0,0,0,0,0,0,0,0,0,0,0,0,0,0,0,0,0,0,0,0,0,0,0,0,0,0,0,0,0,0,0,0,0,3,2,1,3,0,2,1,0,1,0,0,0,0,0,0,0,0,0,4,2,2,4,0,2,2,0,2,0,0,0,0,0,0,0,0,0,12,12,0,10,2,10,0,2,0,0,0,0,0,0,0,0,0,0,0,0,0,0,0,0,0,0,0,1,1,0,1,0,1,0,0,0,0,0,0,0,0,0,0,0,0,1,0,1,1,0,0,1,0,1,0,0,0,0,0,0,0,0,0,0,0,0,0,0,0,0,0,0,7,5,2,5,2,4,1,1,1,0,0,0,0,0,0,0,0,0,2,2,0,2,0,2,0,0,0,2,2,0,2,0,2,0,0,0
Mathews County Sheriff's Office,2003,Virginia,9376,VA05700,1,1,0,1,0,1,0,0,0,28,22,6,22,6,18,4,4,4,0,0,0,0,0,0,0,0,0,1,0,1,1,0,0,1,0,1,0,0,0,0,0,0,0,0,0,2,0,2,2,0,0,2,0,2,3,1,2,3,0,1,2,0,2,2,1,1,2,0,1,1,0,1,0,0,0,0,0,0,0,0,0,2,1,1,2,0,1,1,0,1,0,0,0,0,0,0,0,0,0,0,0,0,0,0,0,0,0,0,1,0,1,1,0,0,1,0,1,0,0,0,0,0,0,0,0,0,1,0,1,1,0,0,1,0,1,0,0,0,0,0,0,0,0,0,0,0,0,0,0,0,0,0,0,10,10,0,8,2,8,0,2,0,16,16,0,14,2,14,0,2,0,0,0,0,0,0,0,0,0,0,3,3,0,3,0,3,0,0,0,1,1,0,1,0,1,0,0,0,3,3,0,2,1,2,0,1,0,0,0,0,0,0,0,0,0,0,0,0,0,0,0,0,0,0,0,0,0,0,0,0,0,0,0,0,0,0,0,0,0,0,0,0,0,4,4,0,4,0,4,0,0,0,0,0,0,0,0,0,0,0,0,3,3,0,3,0,3,0,0,0,0,0,0,0,0,0,0,0,0,11,9,2,10,1,8,2,1,2,0,0,0,0,0,0,0,0,0,0,0,0,0,0,0,0,0,0,0,0,0,0,0,0,0,0,0,0,0,0,0,0,0,0,0,0,0,0,0,0,0,0,0,0,0,0,0,0,0,0,0,0,0,0,0,0,0,0,0,0,0,0,0,8,5,3,6,2,4,2,1,2,0,0,0,0,0,0,0,0,0,5,4,1,5,0,4,1,0,1,1,1,0,0,1,0,0,1,0
Mathews County Sheriff's Office,2002,Virginia,9487,VA05700,1,1,0,1,0,1,0,0,0,33,27,6,29,4,24,5,3,5,0,0,0,0,0,0,0,0,0,0,0,0,0,0,0,0,0,0,0,0,0,0,0,0,0,0,0,2,0,2,1,1,0,1,0,1,3,3,0,3,0,3,0,0,0,3,3,0,3,0,3,0,0,0,0,0,0,0,0,0,0,0,0,2,2,0,2,0,2,0,0,0,1,1,0,1,0,1,0,0,0,0,0,0,0,0,0,0,0,0,0,0,0,0,0,0,0,0,0,0,0,0,0,0,0,0,0,0,0,0,0,0,0,0,0,0,0,0,0,0,0,0,0,0,0,0,0,0,0,0,0,0,0,0,0,6,6,0,5,1,5,0,1,0,18,18,0,17,1,17,0,1,0,0,0,0,0,0,0,0,0,0,0,0,0,0,0,0,0,0,0,1,1,0,1,0,1,0,0,0,2,2,0,1,1,1,0,1,0,0,0,0,0,0,0,0,0,0,0,0,0,0,0,0,0,0,0,0,0,0,0,0,0,0,0,0,0,0,0,0,0,0,0,0,0,10,9,1,7,3,6,1,3,1,0,0,0,0,0,0,0,0,0,1,0,1,1,0,0,1,0,1,1,1,0,1,0,1,0,0,0,11,11,0,10,1,10,0,1,0,0,0,0,0,0,0,0,0,0,0,0,0,0,0,0,0,0,0,0,0,0,0,0,0,0,0,0,0,0,0,0,0,0,0,0,0,2,2,0,2,0,2,0,0,0,0,0,0,0,0,0,0,0,0,0,0,0,0,0,0,0,0,0,4,4,0,3,1,3,0,1,0,0,0,0,0,0,0,0,0,0,1,0,1,1,0,0,1,0,1,5,4,1,5,0,4,1,0,1
Mathews County Sheriff's Office,2001,Virginia,9349,VA05700,2,2,0,1,1,1,0,1,0,19,18,1,18,1,17,1,1,1,0,0,0,0,0,0,0,0,0,1,1,0,1,0,1,0,0,0,2,0,2,2,0,0,2,0,2,0,0,0,0,0,0,0,0,0,7,2,5,5,2,2,3,0,3,7,2,5,5,2,2,3,0,3,0,0,0,0,0,0,0,0,0,5,2,3,5,0,2,3,0,3,0,0,0,0,0,0,0,0,0,2,0,2,0,2,0,0,0,0,0,0,0,0,0,0,0,0,0,0,0,0,0,0,0,0,0,0,0,0,0,0,0,0,0,0,0,0,0,0,0,0,0,0,0,0,0,0,0,0,0,0,0,0,0,10,9,1,9,1,8,1,1,1,27,25,2,23,4,21,2,4,2,0,0,0,0,0,0,0,0,0,2,2,0,1,1,1,0,1,0,0,0,0,0,0,0,0,0,0,1,1,0,0,1,0,0,1,0,0,0,0,0,0,0,0,0,0,0,0,0,0,0,0,0,0,0,0,0,0,0,0,0,0,0,0,0,0,0,0,0,0,0,0,0,14,6,8,11,3,4,7,2,7,0,0,0,0,0,0,0,0,0,0,0,0,0,0,0,0,0,0,0,0,0,0,0,0,0,0,0,22,19,3,17,5,14,3,5,3,0,0,0,0,0,0,0,0,0,0,0,0,0,0,0,0,0,0,0,0,0,0,0,0,0,0,0,0,0,0,0,0,0,0,0,0,0,0,0,0,0,0,0,0,0,1,1,0,1,0,1,0,0,0,0,0,0,0,0,0,0,0,0,3,1,2,3,0,1,2,0,2,0,0,0,0,0,0,0,0,0,1,1,0,1,0,1,0,0,0,1,1,0,1,0,1,0,0,0
Mathews County Sheriff's Office,2e3,Virginia,9207,VA05700,5,5,0,5,0,5,0,0,0,33,27,6,24,9,19,5,8,5,0,0,0,0,0,0,0,0,0,2,0,2,2,0,0,2,0,2,5,0,5,2,3,0,2,0,2,1,0,1,1,0,0,1,0,1,12,10,2,11,1,10,1,0,1,8,7,1,8,0,7,1,0,1,0,0,0,0,0,0,0,0,0,6,5,1,6,0,5,1,0,1,2,2,0,2,0,2,0,0,0,0,0,0,0,0,0,0,0,0,4,3,1,3,1,3,0,0,0,0,0,0,0,0,0,0,0,0,4,3,1,3,1,3,0,0,0,0,0,0,0,0,0,0,0,0,0,0,0,0,0,0,0,0,0,11,11,0,10,1,10,0,1,0,28,28,0,22,6,22,0,6,0,3,3,0,1,2,1,0,2,0,3,1,2,3,0,1,2,0,2,0,0,0,0,0,0,0,0,0,3,3,0,1,2,1,0,2,0,0,0,0,0,0,0,0,0,0,0,0,0,0,0,0,0,0,0,0,0,0,0,0,0,0,0,0,0,0,0,0,0,0,0,0,0,15,9,6,15,0,9,6,0,6,0,0,0,0,0,0,0,0,0,0,0,0,0,0,0,0,0,0,0,0,0,0,0,0,0,0,0,13,11,2,9,4,7,2,4,2,0,0,0,0,0,0,0,0,0,1,1,0,1,0,1,0,0,0,0,0,0,0,0,0,0,0,0,0,0,0,0,0,0,0,0,0,0,0,0,0,0,0,0,0,0,2,2,0,2,0,2,0,0,0,0,0,0,0,0,0,0,0,0,7,4,3,5,2,2,3,2,3,0,0,0,0,0,0,0,0,0,1,0,1,1,0,0,1,0,1,2,2,0,2,0,2,0,0,0
Mathews County Sheriff's Office,1999,Virginia,9182,VA05700,1,1,0,1,0,1,0,0,0,11,8,3,10,1,8,2,0,2,2,0,2,2,0,0,1,0,1,16,5,11,13,3,5,8,0,8,6,0,6,6,0,0,6,0,6,0,0,0,0,0,0,0,0,0,13,11,2,12,1,10,2,1,2,13,11,2,12,1,10,2,1,2,0,0,0,0,0,0,0,0,0,10,8,2,9,1,7,2,1,2,3,3,0,3,0,3,0,0,0,0,0,0,0,0,0,0,0,0,0,0,0,0,0,0,0,0,0,0,0,0,0,0,0,0,0,0,0,0,0,0,0,0,0,0,0,0,0,0,0,0,0,0,0,0,0,0,0,0,0,0,0,0,0,21,21,0,19,2,19,0,2,0,47,47,0,36,11,36,0,11,0,1,1,0,0,1,0,0,1,0,0,0,0,0,0,0,0,0,0,1,1,0,1,0,1,0,0,0,61,59,2,32,29,32,0,27,0,0,0,0,0,0,0,0,0,0,0,0,0,0,0,0,0,0,0,0,0,0,0,0,0,0,0,0,0,0,0,0,0,0,0,0,0,13,7,6,11,2,7,4,0,4,0,0,0,0,0,0,0,0,0,4,4,0,2,2,2,0,2,0,0,0,0,0,0,0,0,0,0,27,24,3,21,6,19,2,5,2,0,0,0,0,0,0,0,0,0,0,0,0,0,0,0,0,0,0,1,1,0,1,0,1,0,0,0,0,0,0,0,0,0,0,0,0,0,0,0,0,0,0,0,0,0,1,1,0,1,0,1,0,0,0,0,0,0,0,0,0,0,0,0,8,6,2,5,3,3,2,3,2,0,0,0,0,0,0,0,0,0,27,2,25,27,0,2,25,0,25,3,1,2,3,0,1,2,0,2
Mathews County Sheriff's Office,1998,Virginia,9189,VA05700,6,4,2,5,1,3,2,1,2,28,23,5,22,6,18,4,5,4,0,0,0,0,0,0,0,0,0,11,9,2,9,2,8,1,1,1,22,0,22,17,5,0,17,0,17,0,0,0,0,0,0,0,0,0,19,18,1,18,1,17,1,1,1,10,9,1,10,0,9,1,0,1,0,0,0,0,0,0,0,0,0,8,7,1,8,0,7,1,0,1,2,2,0,2,0,2,0,0,0,0,0,0,0,0,0,0,0,0,9,9,0,8,1,8,0,1,0,0,0,0,0,0,0,0,0,0,2,2,0,2,0,2,0,0,0,7,7,0,6,1,6,0,1,0,0,0,0,0,0,0,0,0,0,18,17,1,18,0,17,1,0,1,30,28,2,26,4,24,2,4,2,0,0,0,0,0,0,0,0,0,0,0,0,0,0,0,0,0,0,1,1,0,0,1,0,0,1,0,23,22,1,10,13,10,0,12,0,0,0,0,0,0,0,0,0,0,0,0,0,0,0,0,0,0,0,0,0,0,0,0,0,0,0,0,0,0,0,0,0,0,0,0,0,20,5,15,10,10,4,6,1,6,0,0,0,0,0,0,0,0,0,2,2,0,1,1,1,0,1,0,0,0,0,0,0,0,0,0,0,83,74,9,56,27,50,5,24,5,0,0,0,0,0,0,0,0,0,2,1,1,2,0,1,1,0,1,3,3,0,3,0,3,0,0,0,0,0,0,0,0,0,0,0,0,1,1,0,1,0,1,0,0,0,0,0,0,0,0,0,0,0,0,0,0,0,0,0,0,0,0,0,25,21,4,20,5,16,4,5,4,0,0,0,0,0,0,0,0,0,5,1,4,5,0,1,3,0,3,3,1,2,3,0,1,2,0,2
Mathews County Sheriff's Office,1997,Virginia,9108,VA05700,6,5,1,6,0,5,1,0,1,40,37,3,32,8,29,2,8,2,1,0,1,0,1,0,0,0,0,8,6,2,8,0,6,2,0,2,11,0,11,9,2,0,9,0,9,1,1,0,1,0,1,0,0,0,9,9,0,8,1,8,0,1,0,9,9,0,8,1,8,0,1,0,0,0,0,0,0,0,0,0,0,7,7,0,7,0,7,0,0,0,1,1,0,1,0,1,0,0,0,1,1,0,0,1,0,0,1,0,0,0,0,0,0,0,0,0,0,0,0,0,0,0,0,0,0,0,0,0,0,0,0,0,0,0,0,0,0,0,0,0,0,0,0,0,0,0,0,0,0,0,0,0,0,18,17,1,17,1,16,1,1,1,65,63,2,57,8,55,2,8,2,1,1,0,1,0,1,0,0,0,4,4,0,3,1,3,0,1,0,3,3,0,2,1,2,0,1,0,27,27,0,13,14,13,0,14,0,0,0,0,0,0,0,0,0,0,0,0,0,0,0,0,0,0,0,0,0,0,0,0,0,0,0,0,0,0,0,0,0,0,0,0,0,27,18,9,22,5,17,5,1,5,0,0,0,0,0,0,0,0,0,4,4,0,2,2,2,0,2,0,0,0,0,0,0,0,0,0,0,134,106,28,115,19,89,26,17,26,0,0,0,0,0,0,0,0,0,1,0,1,1,0,0,1,0,1,4,2,2,3,1,1,2,1,2,1,0,1,0,1,0,0,0,0,6,4,2,5,1,4,1,0,1,2,1,1,2,0,1,1,0,1,0,0,0,0,0,0,0,0,0,28,18,10,27,1,17,9,1,9,0,0,0,0,0,0,0,0,0,2,0,2,2,0,0,2,0,2,5,5,0,4,1,4,0,1,0
Mathews County Sheriff's Office,1996,Virginia,9029,VA05700,8,7,1,7,1,7,0,0,0,25,24,1,24,1,23,1,1,1,0,0,0,0,0,0,0,0,0,9,4,5,7,2,3,4,1,4,24,0,24,15,9,0,15,0,15,1,1,0,1,0,1,0,0,0,34,28,6,31,3,25,6,3,6,21,15,6,18,3,12,6,3,6,2,2,0,0,2,0,0,2,0,16,10,6,15,1,9,6,1,6,3,3,0,3,0,3,0,0,0,0,0,0,0,0,0,0,0,0,13,13,0,13,0,13,0,0,0,0,0,0,0,0,0,0,0,0,2,2,0,2,0,2,0,0,0,11,11,0,11,0,11,0,0,0,0,0,0,0,0,0,0,0,0,27,24,3,25,2,22,3,2,3,34,33,1,30,4,29,1,4,1,0,0,0,0,0,0,0,0,0,2,2,0,2,0,2,0,0,0,7,5,2,6,1,5,1,0,1,24,24,0,10,14,10,0,14,0,0,0,0,0,0,0,0,0,0,0,0,0,0,0,0,0,0,0,0,0,0,0,0,0,0,0,0,0,0,0,0,0,0,0,0,0,14,7,7,10,4,4,6,3,6,0,0,0,0,0,0,0,0,0,12,5,7,11,1,4,7,1,7,0,0,0,0,0,0,0,0,0,159,144,15,129,30,116,13,28,13,0,0,0,0,0,0,0,0,0,2,2,0,2,0,2,0,0,0,1,1,0,1,0,1,0,0,0,3,0,3,2,1,0,2,0,2,3,3,0,3,0,3,0,0,0,0,0,0,0,0,0,0,0,0,0,0,0,0,0,0,0,0,0,22,13,9,21,1,12,8,1,8,0,0,0,0,0,0,0,0,0,4,3,1,4,0,3,1,0,1,7,6,1,7,0,6,1,0,1
Mathews County Sheriff's Office,1995,Virginia,8952,VA05700,7,5,2,6,1,5,1,0,1,39,34,5,32,7,29,3,5,3,0,0,0,0,0,0,0,0,0,19,10,9,15,4,8,7,2,7,0,0,0,0,0,0,0,0,0,0,0,0,0,0,0,0,0,0,15,12,3,13,2,10,3,2,3,7,5,2,6,1,4,2,1,2,0,0,0,0,0,0,0,0,0,6,4,2,5,1,3,2,1,2,1,1,0,1,0,1,0,0,0,0,0,0,0,0,0,0,0,0,8,7,1,7,1,6,1,1,1,0,0,0,0,0,0,0,0,0,4,3,1,4,0,3,1,0,1,4,4,0,3,1,3,0,1,0,0,0,0,0,0,0,0,0,0,25,23,2,23,2,21,2,2,2,23,21,2,16,7,15,1,6,1,1,1,0,1,0,1,0,0,0,1,1,0,1,0,1,0,0,0,4,4,0,3,1,3,0,1,0,32,32,0,22,10,22,0,10,0,0,0,0,0,0,0,0,0,0,0,0,0,0,0,0,0,0,0,0,0,0,0,0,0,0,0,0,0,0,0,0,0,0,0,0,0,11,9,2,9,2,8,1,1,1,0,0,0,0,0,0,0,0,0,3,3,0,3,0,3,0,0,0,0,0,0,0,0,0,0,0,0,131,121,10,106,25,99,7,22,7,0,0,0,0,0,0,0,0,0,2,2,0,2,0,2,0,0,0,0,0,0,0,0,0,0,0,0,3,0,3,2,1,0,2,0,2,1,1,0,1,0,1,0,0,0,0,0,0,0,0,0,0,0,0,0,0,0,0,0,0,0,0,0,17,14,3,11,6,10,1,4,1,0,0,0,0,0,0,0,0,0,0,0,0,0,0,0,0,0,0,5,3,2,5,0,3,2,0,2
Mathews County Sheriff's Office,1994,Virginia,8595,VA05700,5,5,0,4,1,4,0,1,0,53,45,8,43,10,36,7,9,7,0,0,0,0,0,0,0,0,0,28,14,14,26,2,12,14,2,14,12,0,12,9,3,0,9,0,9,1,1,0,0,1,0,0,1,0,38,30,8,34,4,27,7,3,7,21,15,6,18,3,13,5,2,5,0,0,0,0,0,0,0,0,0,13,7,6,11,2,6,5,1,5,8,8,0,7,1,7,0,1,0,0,0,0,0,0,0,0,0,0,17,15,2,16,1,14,2,1,2,0,0,0,0,0,0,0,0,0,1,1,0,1,0,1,0,0,0,16,14,2,15,1,13,2,1,2,0,0,0,0,0,0,0,0,0,29,29,0,24,5,24,0,5,0,16,16,0,13,3,13,0,3,0,0,0,0,0,0,0,0,0,0,0,0,0,0,0,0,0,0,0,4,4,0,2,2,2,0,2,0,49,49,0,30,19,30,0,19,0,0,0,0,0,0,0,0,0,0,0,0,0,0,0,0,0,0,0,0,0,0,0,0,0,0,0,0,0,0,0,0,0,0,0,0,0,12,7,5,7,5,5,2,2,2,0,0,0,0,0,0,0,0,0,1,1,0,1,0,1,0,0,0,0,0,0,0,0,0,0,0,0,154,142,12,128,26,116,12,26,12,0,0,0,0,0,0,0,0,0,1,1,0,1,0,1,0,0,0,2,1,1,2,0,1,1,0,1,0,0,0,0,0,0,0,0,0,9,9,0,9,0,9,0,0,0,5,4,1,5,0,4,1,0,1,0,0,0,0,0,0,0,0,0,22,11,11,16,6,9,7,2,7,0,0,0,0,0,0,0,0,0,1,0,1,1,0,0,1,0,1,15,13,2,15,0,13,2,0,2
Mathews County Sheriff's Office,1993,Virginia,8515,VA05700,35,22,13,30,5,21,9,1,9,33,31,2,24,9,23,1,8,1,2,2,0,2,0,2,0,0,0,21,11,10,20,1,10,10,1,10,0,0,0,0,0,0,0,0,0,3,3,0,2,1,2,0,1,0,9,7,2,8,1,6,2,1,2,5,4,1,4,1,3,1,1,1,0,0,0,0,0,0,0,0,0,3,2,1,2,1,1,1,1,1,2,2,0,2,0,2,0,0,0,0,0,0,0,0,0,0,0,0,4,3,1,4,0,3,1,0,1,0,0,0,0,0,0,0,0,0,1,1,0,1,0,1,0,0,0,3,2,1,3,0,2,1,0,1,0,0,0,0,0,0,0,0,0,32,30,2,27,5,25,2,5,2,21,21,0,17,4,17,0,4,0,0,0,0,0,0,0,0,0,0,0,0,0,0,0,0,0,0,0,0,0,0,0,0,0,0,0,0,36,36,0,20,16,20,0,16,0,0,0,0,0,0,0,0,0,0,0,0,0,0,0,0,0,0,0,0,0,0,0,0,0,0,0,0,0,0,0,0,0,0,0,0,0,8,5,3,7,1,4,3,1,3,0,0,0,0,0,0,0,0,0,2,2,0,2,0,2,0,0,0,0,0,0,0,0,0,0,0,0,101,89,12,85,16,74,11,15,11,0,0,0,0,0,0,0,0,0,4,3,1,4,0,3,1,0,1,2,2,0,2,0,2,0,0,0,2,0,2,2,0,0,2,0,2,5,2,3,5,0,2,3,0,3,1,1,0,1,0,1,0,0,0,0,0,0,0,0,0,0,0,0,45,20,25,38,7,15,23,5,23,0,0,0,0,0,0,0,0,0,1,0,1,1,0,0,1,0,1,11,3,8,11,0,3,8,0,8
Mathews County Sheriff's Office,1992,Virginia,8603,VA05700,4,4,0,4,0,4,0,0,0,37,37,0,30,7,30,0,7,0,4,1,3,4,0,1,2,0,2,18,13,5,18,0,13,4,0,4,0,0,0,0,0,0,0,0,0,3,3,0,2,1,2,0,1,0,21,21,0,18,3,18,0,3,0,13,13,0,12,1,12,0,1,0,0,0,0,0,0,0,0,0,0,6,6,0,5,1,5,0,1,0,7,7,0,7,0,7,0,0,0,0,0,0,0,0,0,0,0,0,8,8,0,6,2,6,0,2,0,0,0,0,0,0,0,0,0,0,3,3,0,2,1,2,0,1,0,5,5,0,4,1,4,0,1,0,0,0,0,0,0,0,0,0,0,30,30,0,30,0,30,0,0,0,33,33,0,26,7,26,0,7,0,1,1,0,1,0,1,0,0,0,0,0,0,0,0,0,0,0,0,0,0,0,0,0,0,0,0,0,39,39,0,17,22,17,0,22,0,0,0,0,0,0,0,0,0,0,0,0,0,0,0,0,0,0,0,0,0,0,0,0,0,0,0,0,0,0,0,0,0,0,0,0,0,5,4,1,4,1,3,1,1,1,0,0,0,0,0,0,0,0,0,2,0,2,1,1,0,1,0,1,1,1,0,1,0,1,0,0,0,131,126,5,100,31,97,3,29,3,0,0,0,0,0,0,0,0,0,3,2,1,3,0,2,1,0,1,1,1,0,1,0,1,0,0,0,4,0,4,1,3,0,1,0,1,3,3,0,3,0,3,0,0,0,2,2,0,2,0,2,0,0,0,0,0,0,0,0,0,0,0,0,22,16,6,18,4,12,6,4,6,0,0,0,0,0,0,0,0,0,1,1,0,1,0,1,0,0,0,7,5,2,6,1,4,2,1,2
Mathews County Sheriff's Office,1991,Virginia,8481,VA05700,5,3,2,5,0,3,2,0,2,34,32,2,28,6,26,2,6,2,0,0,0,0,0,0,0,0,0,15,11,4,15,0,11,4,0,4,0,0,0,0,0,0,0,0,0,7,7,0,4,3,4,0,3,0,5,5,0,5,0,5,0,0,0,3,3,0,3,0,3,0,0,0,0,0,0,0,0,0,0,0,0,2,2,0,2,0,2,0,0,0,1,1,0,1,0,1,0,0,0,0,0,0,0,0,0,0,0,0,2,2,0,2,0,2,0,0,0,0,0,0,0,0,0,0,0,0,1,1,0,1,0,1,0,0,0,1,1,0,1,0,1,0,0,0,0,0,0,0,0,0,0,0,0,31,31,0,31,0,31,0,0,0,34,32,2,28,6,26,2,6,2,0,0,0,0,0,0,0,0,0,0,0,0,0,0,0,0,0,0,2,2,0,2,0,2,0,0,0,41,41,0,22,19,22,0,19,0,0,0,0,0,0,0,0,0,0,0,0,0,0,0,0,0,0,0,0,0,0,0,0,0,0,0,0,0,0,0,0,0,0,0,0,0,25,14,11,18,7,14,4,0,4,0,0,0,0,0,0,0,0,0,3,2,1,3,0,2,1,0,1,1,1,0,1,0,1,0,0,0,105,90,15,84,21,73,11,17,11,0,0,0,0,0,0,0,0,0,0,0,0,0,0,0,0,0,0,0,0,0,0,0,0,0,0,0,3,0,3,0,3,0,0,0,0,0,0,0,0,0,0,0,0,0,0,0,0,0,0,0,0,0,0,0,0,0,0,0,0,0,0,0,20,12,8,19,1,11,8,1,8,0,0,0,0,0,0,0,0,0,8,2,6,7,1,1,6,1,6,5,4,1,5,0,4,1,0,1
Mathews County Sheriff's Office,1990,Virginia,8348,VA05700,5,5,0,5,0,5,0,0,0,25,25,0,21,4,21,0,4,0,1,1,0,1,0,1,0,0,0,23,13,10,20,3,11,9,2,9,0,0,0,0,0,0,0,0,0,12,12,0,11,1,11,0,1,0,11,11,0,11,0,11,0,0,0,7,7,0,7,0,7,0,0,0,1,1,0,1,0,1,0,0,0,3,3,0,3,0,3,0,0,0,3,3,0,3,0,3,0,0,0,0,0,0,0,0,0,0,0,0,4,4,0,4,0,4,0,0,0,0,0,0,0,0,0,0,0,0,2,2,0,2,0,2,0,0,0,2,2,0,2,0,2,0,0,0,0,0,0,0,0,0,0,0,0,41,41,0,40,1,40,0,1,0,19,18,1,18,1,17,1,1,1,0,0,0,0,0,0,0,0,0,0,0,0,0,0,0,0,0,0,0,0,0,0,0,0,0,0,0,29,29,0,19,10,19,0,10,0,0,0,0,0,0,0,0,0,0,0,0,0,0,0,0,0,0,0,0,0,0,0,0,0,0,0,0,0,0,0,0,0,0,0,0,0,26,19,7,23,3,16,7,3,7,0,0,0,0,0,0,0,0,0,6,4,2,5,1,3,2,1,2,1,1,0,1,0,1,0,0,0,100,94,6,85,15,80,5,14,5,0,0,0,0,0,0,0,0,0,0,0,0,0,0,0,0,0,0,1,1,0,1,0,1,0,0,0,1,0,1,1,0,0,1,0,1,2,2,0,1,1,1,0,1,0,1,1,0,1,0,1,0,0,0,0,0,0,0,0,0,0,0,0,20,14,6,13,7,10,3,4,3,0,0,0,0,0,0,0,0,0,5,1,4,4,1,0,4,1,4,11,8,3,11,0,8,3,0,3
Mathews County Sheriff's Office,1989,Virginia,8617,VA05700,3,3,0,2,1,2,0,1,0,34,34,0,27,7,27,0,7,0,3,1,2,3,0,1,2,0,2,5,5,0,3,2,3,0,2,0,0,0,0,0,0,0,0,0,0,6,6,0,5,1,5,0,1,0,13,13,0,10,3,10,0,3,0,6,6,0,5,1,5,0,1,0,0,0,0,0,0,0,0,0,0,5,5,0,4,1,4,0,1,0,1,1,0,1,0,1,0,0,0,0,0,0,0,0,0,0,0,0,7,7,0,5,2,5,0,2,0,0,0,0,0,0,0,0,0,0,7,7,0,5,2,5,0,2,0,0,0,0,0,0,0,0,0,0,0,0,0,0,0,0,0,0,0,21,21,0,21,0,21,0,0,0,29,28,1,26,3,25,1,3,1,0,0,0,0,0,0,0,0,0,3,3,0,1,2,1,0,2,0,0,0,0,0,0,0,0,0,0,1,1,0,1,0,1,0,0,0,0,0,0,0,0,0,0,0,0,0,0,0,0,0,0,0,0,0,0,0,0,0,0,0,0,0,0,0,0,0,0,0,0,0,0,0,21,18,3,20,1,17,3,1,3,0,0,0,0,0,0,0,0,0,0,0,0,0,0,0,0,0,0,1,1,0,1,0,1,0,0,0,93,90,3,80,13,77,3,13,3,0,0,0,0,0,0,0,0,0,4,4,0,4,0,4,0,0,0,1,1,0,1,0,1,0,0,0,2,0,2,0,2,0,0,0,0,2,1,1,1,1,1,0,0,0,0,0,0,0,0,0,0,0,0,0,0,0,0,0,0,0,0,0,14,14,0,9,5,9,0,5,0,0,0,0,0,0,0,0,0,0,1,1,0,0,1,0,0,1,0,5,4,1,4,1,3,1,1,1
Mathews County Sheriff's Office,1988,Virginia,8937,VA05700,4,4,0,2,2,2,0,2,0,31,29,2,29,2,28,1,1,1,0,0,0,0,0,0,0,0,0,7,7,0,5,2,5,0,2,0,0,0,0,0,0,0,0,0,0,18,18,0,13,5,13,0,5,0,18,18,0,16,2,16,0,2,0,12,12,0,11,1,11,0,1,0,0,0,0,0,0,0,0,0,0,6,6,0,5,1,5,0,1,0,6,6,0,6,0,6,0,0,0,0,0,0,0,0,0,0,0,0,6,6,0,5,1,5,0,1,0,0,0,0,0,0,0,0,0,0,0,0,0,0,0,0,0,0,0,6,6,0,5,1,5,0,1,0,0,0,0,0,0,0,0,0,0,39,36,3,37,2,34,3,2,3,69,66,3,62,7,59,3,7,3,1,1,0,1,0,1,0,0,0,0,0,0,0,0,0,0,0,0,2,2,0,1,1,1,0,1,0,8,8,0,8,0,8,0,0,0,0,0,0,0,0,0,0,0,0,0,0,0,0,0,0,0,0,0,0,0,0,0,0,0,0,0,0,0,0,0,0,0,0,0,0,0,31,28,3,26,5,23,3,5,3,0,0,0,0,0,0,0,0,0,1,1,0,1,0,1,0,0,0,1,1,0,1,0,1,0,0,0,131,131,0,113,18,113,0,18,0,0,0,0,0,0,0,0,0,0,1,1,0,1,0,1,0,0,0,0,0,0,0,0,0,0,0,0,7,0,7,3,4,0,3,0,3,4,4,0,4,0,4,0,0,0,0,0,0,0,0,0,0,0,0,0,0,0,0,0,0,0,0,0,17,16,1,14,3,14,0,2,0,0,0,0,0,0,0,0,0,0,2,0,2,2,0,0,2,0,2,6,6,0,6,0,6,0,0,0
Mathews County Sheriff's Office,1987,Virginia,8978,VA05700,5,5,0,4,1,4,0,1,0,50,50,0,41,9,41,0,9,0,0,0,0,0,0,0,0,0,0,13,7,6,12,1,6,6,1,6,0,0,0,0,0,0,0,0,0,8,7,1,8,0,7,1,0,1,37,36,1,32,5,31,1,5,1,35,34,1,30,5,29,1,5,1,0,0,0,0,0,0,0,0,0,34,33,1,29,5,28,1,5,1,1,1,0,1,0,1,0,0,0,0,0,0,0,0,0,0,0,0,2,2,0,2,0,2,0,0,0,0,0,0,0,0,0,0,0,0,1,1,0,1,0,1,0,0,0,1,1,0,1,0,1,0,0,0,0,0,0,0,0,0,0,0,0,45,43,2,41,4,39,2,4,2,63,61,2,57,6,55,2,6,2,0,0,0,0,0,0,0,0,0,4,4,0,4,0,4,0,0,0,3,3,0,0,3,0,0,3,0,8,8,0,6,2,6,0,2,0,0,0,0,0,0,0,0,0,0,0,0,0,0,0,0,0,0,0,0,0,0,0,0,0,0,0,0,0,0,0,0,0,0,0,0,0,8,7,1,7,1,6,1,1,1,0,0,0,0,0,0,0,0,0,7,5,2,6,1,5,1,0,1,0,0,0,0,0,0,0,0,0,142,139,3,126,16,123,3,16,3,0,0,0,0,0,0,0,0,0,1,1,0,1,0,1,0,0,0,3,3,0,2,1,2,0,1,0,2,0,2,0,2,0,0,0,0,1,1,0,1,0,1,0,0,0,1,1,0,1,0,1,0,0,0,0,0,0,0,0,0,0,0,0,24,18,6,9,15,6,2,12,2,0,0,0,0,0,0,0,0,0,0,0,0,0,0,0,0,0,0,12,12,0,11,1,11,0,1,0
Mathews County Sheriff's Office,1986,Virginia,8728,VA05700,5,5,0,5,0,5,0,0,0,27,27,0,27,0,27,0,0,0,0,0,0,0,0,0,0,0,0,8,4,4,8,0,4,4,0,4,0,0,0,0,0,0,0,0,0,8,8,0,7,1,7,0,1,0,22,22,0,19,3,19,0,3,0,16,16,0,15,1,15,0,1,0,0,0,0,0,0,0,0,0,0,16,16,0,15,1,15,0,1,0,0,0,0,0,0,0,0,0,0,0,0,0,0,0,0,0,0,0,6,6,0,4,2,4,0,2,0,1,1,0,1,0,1,0,0,0,5,5,0,3,2,3,0,2,0,0,0,0,0,0,0,0,0,0,0,0,0,0,0,0,0,0,0,44,44,0,41,3,41,0,3,0,72,72,0,65,7,65,0,7,0,0,0,0,0,0,0,0,0,0,0,0,0,0,0,0,0,0,0,2,2,0,2,0,2,0,0,0,3,3,0,3,0,3,0,0,0,0,0,0,0,0,0,0,0,0,0,0,0,0,0,0,0,0,0,0,0,0,0,0,0,0,0,0,0,0,0,0,0,0,0,0,0,9,7,2,9,0,7,2,0,2,0,0,0,0,0,0,0,0,0,3,1,2,3,0,1,1,0,1,0,0,0,0,0,0,0,0,0,113,112,1,97,16,96,1,16,1,0,0,0,0,0,0,0,0,0,0,0,0,0,0,0,0,0,0,0,0,0,0,0,0,0,0,0,0,0,0,0,0,0,0,0,0,1,1,0,1,0,1,0,0,0,1,1,0,1,0,1,0,0,0,0,0,0,0,0,0,0,0,0,14,13,1,14,0,13,1,0,1,0,0,0,0,0,0,0,0,0,3,2,1,3,0,2,1,0,1,8,7,1,8,0,7,1,0,1
Mathews County Sheriff's Office,1985,Virginia,8607,VA05700,9,8,1,7,2,6,1,2,1,47,47,0,38,9,38,0,9,0,1,1,0,1,0,1,0,0,0,13,4,9,13,0,4,8,0,8,0,0,0,0,0,0,0,0,0,17,17,0,16,1,16,0,1,0,41,35,6,40,1,34,6,1,6,39,33,6,38,1,32,6,1,6,0,0,0,0,0,0,0,0,0,36,30,6,35,1,29,6,1,6,3,3,0,3,0,3,0,0,0,0,0,0,0,0,0,0,0,0,2,2,0,2,0,2,0,0,0,0,0,0,0,0,0,0,0,0,2,2,0,2,0,2,0,0,0,0,0,0,0,0,0,0,0,0,0,0,0,0,0,0,0,0,0,29,29,0,27,2,27,0,2,0,70,70,0,67,3,67,0,3,0,1,1,0,1,0,1,0,0,0,1,1,0,0,1,0,0,1,0,5,5,0,5,0,5,0,0,0,1,1,0,1,0,1,0,0,0,0,0,0,0,0,0,0,0,0,0,0,0,0,0,0,0,0,0,0,0,0,0,0,0,0,0,0,0,0,0,0,0,0,0,0,0,11,8,3,10,1,7,3,1,3,0,0,0,0,0,0,0,0,0,3,1,2,3,0,1,2,0,2,0,0,0,0,0,0,0,0,0,146,134,12,120,26,109,10,25,10,0,0,0,0,0,0,0,0,0,0,0,0,0,0,0,0,0,0,0,0,0,0,0,0,0,0,0,0,0,0,0,0,0,0,0,0,4,4,0,4,0,4,0,0,0,0,0,0,0,0,0,0,0,0,0,0,0,0,0,0,0,0,0,20,8,12,20,0,8,11,0,11,0,0,0,0,0,0,0,0,0,0,0,0,0,0,0,0,0,0,12,9,3,12,0,9,3,0,3
Mathews County Sheriff's Office,1984,Virginia,8511,VA05700,7,7,0,7,0,7,0,0,0,37,37,0,31,6,31,0,6,0,1,1,0,1,0,1,0,0,0,5,5,0,5,0,5,0,0,0,0,0,0,0,0,0,0,0,0,12,12,0,12,0,12,0,0,0,8,8,0,7,1,7,0,1,0,8,8,0,7,1,7,0,1,0,0,0,0,0,0,0,0,0,0,8,8,0,7,1,7,0,1,0,0,0,0,0,0,0,0,0,0,0,0,0,0,0,0,0,0,0,0,0,0,0,0,0,0,0,0,0,0,0,0,0,0,0,0,0,0,0,0,0,0,0,0,0,0,0,0,0,0,0,0,0,0,0,0,0,0,0,0,0,0,0,0,43,42,1,43,0,42,1,0,1,48,47,1,42,6,41,1,6,1,0,0,0,0,0,0,0,0,0,1,1,0,1,0,1,0,0,0,5,4,1,5,0,4,1,0,1,0,0,0,0,0,0,0,0,0,0,0,0,0,0,0,0,0,0,0,0,0,0,0,0,0,0,0,0,0,0,0,0,0,0,0,0,0,0,0,0,0,0,0,0,0,3,3,0,3,0,3,0,0,0,0,0,0,0,0,0,0,0,0,7,0,7,7,0,0,7,0,7,1,1,0,0,1,0,0,1,0,125,119,6,114,11,108,6,11,6,0,0,0,0,0,0,0,0,0,6,0,6,5,1,0,5,0,5,0,0,0,0,0,0,0,0,0,0,0,0,0,0,0,0,0,0,2,0,2,2,0,0,2,0,2,0,0,0,0,0,0,0,0,0,0,0,0,0,0,0,0,0,0,20,19,1,16,4,15,1,4,1,0,0,0,0,0,0,0,0,0,5,5,0,4,1,4,0,1,0,10,10,0,9,1,9,0,1,0
Mathews County Sheriff's Office,1983,Virginia,8253,VA05700,5,5,0,5,0,5,0,0,0,36,36,0,34,2,34,0,2,0,0,0,0,0,0,0,0,0,0,22,19,3,19,3,16,3,3,3,0,0,0,0,0,0,0,0,0,28,28,0,25,3,25,0,3,0,8,8,0,7,1,7,0,1,0,8,8,0,7,1,7,0,1,0,0,0,0,0,0,0,0,0,0,8,8,0,7,1,7,0,1,0,0,0,0,0,0,0,0,0,0,0,0,0,0,0,0,0,0,0,0,0,0,0,0,0,0,0,0,0,0,0,0,0,0,0,0,0,0,0,0,0,0,0,0,0,0,0,0,0,0,0,0,0,0,0,0,0,0,0,0,0,0,0,0,30,30,0,28,2,28,0,2,0,52,50,2,46,6,44,2,6,2,0,0,0,0,0,0,0,0,0,0,0,0,0,0,0,0,0,0,11,10,1,11,0,10,1,0,1,0,0,0,0,0,0,0,0,0,0,0,0,0,0,0,0,0,0,0,0,0,0,0,0,0,0,0,0,0,0,0,0,0,0,0,0,0,0,0,0,0,0,0,0,0,2,2,0,2,0,2,0,0,0,0,0,0,0,0,0,0,0,0,2,1,1,2,0,1,1,0,1,0,0,0,0,0,0,0,0,0,141,141,0,117,24,117,0,24,0,0,0,0,0,0,0,0,0,0,0,0,0,0,0,0,0,0,0,0,0,0,0,0,0,0,0,0,0,0,0,0,0,0,0,0,0,0,0,0,0,0,0,0,0,0,1,1,0,1,0,1,0,0,0,0,0,0,0,0,0,0,0,0,37,35,2,32,5,30,2,5,2,0,0,0,0,0,0,0,0,0,0,0,0,0,0,0,0,0,0,4,4,0,4,0,4,0,0,0
Mathews County Sheriff's Office,1982,Virginia,8166,VA05700,4,4,0,4,0,4,0,0,0,36,36,0,26,10,26,0,10,0,1,1,0,1,0,1,0,0,0,20,17,3,19,1,17,2,0,2,0,0,0,0,0,0,0,0,0,4,4,0,4,0,4,0,0,0,19,19,0,18,1,18,0,1,0,7,7,0,7,0,7,0,0,0,2,2,0,2,0,2,0,0,0,5,5,0,5,0,5,0,0,0,0,0,0,0,0,0,0,0,0,0,0,0,0,0,0,0,0,0,12,12,0,11,1,11,0,1,0,3,3,0,2,1,2,0,1,0,9,9,0,9,0,9,0,0,0,0,0,0,0,0,0,0,0,0,0,0,0,0,0,0,0,0,0,18,16,2,15,3,14,1,2,1,71,69,2,66,5,65,1,4,1,0,0,0,0,0,0,0,0,0,6,6,0,5,1,5,0,1,0,1,1,0,1,0,1,0,0,0,2,2,0,2,0,2,0,0,0,0,0,0,0,0,0,0,0,0,0,0,0,0,0,0,0,0,0,0,0,0,0,0,0,0,0,0,0,0,0,0,0,0,0,0,0,0,0,0,0,0,0,0,0,0,0,0,0,0,0,0,0,0,0,7,1,6,7,0,1,6,0,6,1,1,0,0,1,0,0,1,0,87,86,1,79,8,78,1,8,1,0,0,0,0,0,0,0,0,0,0,0,0,0,0,0,0,0,0,0,0,0,0,0,0,0,0,0,0,0,0,0,0,0,0,0,0,0,0,0,0,0,0,0,0,0,3,3,0,2,1,2,0,1,0,0,0,0,0,0,0,0,0,0,21,18,3,15,6,13,2,5,2,0,0,0,0,0,0,0,0,0,13,8,5,12,1,8,3,0,3,9,9,0,7,2,7,0,2,0
Mathews County Sheriff's Office,1981,Virginia,8070,VA05700,16,16,0,15,1,15,0,1,0,10,10,0,10,0,10,0,0,0,0,0,0,0,0,0,0,0,0,8,3,5,8,0,3,5,0,5,0,0,0,0,0,0,0,0,0,6,6,0,6,0,6,0,0,0,17,15,2,14,3,14,0,1,0,12,10,2,10,2,10,0,0,0,0,0,0,0,0,0,0,0,0,12,10,2,10,2,10,0,0,0,0,0,0,0,0,0,0,0,0,0,0,0,0,0,0,0,0,0,5,5,0,4,1,4,0,1,0,0,0,0,0,0,0,0,0,0,5,5,0,4,1,4,0,1,0,0,0,0,0,0,0,0,0,0,0,0,0,0,0,0,0,0,0,36,35,1,36,0,35,1,0,1,62,59,3,56,6,54,2,5,2,0,0,0,0,0,0,0,0,0,0,0,0,0,0,0,0,0,0,1,1,0,0,1,0,0,1,0,1,1,0,1,0,1,0,0,0,0,0,0,0,0,0,0,0,0,0,0,0,0,0,0,0,0,0,0,0,0,0,0,0,0,0,0,0,0,0,0,0,0,0,0,0,9,9,0,9,0,9,0,0,0,0,0,0,0,0,0,0,0,0,1,1,0,1,0,1,0,0,0,1,1,0,1,0,1,0,0,0,63,61,2,59,4,57,2,4,2,0,0,0,0,0,0,0,0,0,1,1,0,1,0,1,0,0,0,0,0,0,0,0,0,0,0,0,3,0,3,1,2,0,1,0,1,2,2,0,2,0,2,0,0,0,1,1,0,1,0,1,0,0,0,0,0,0,0,0,0,0,0,0,12,6,6,8,4,4,4,2,4,0,0,0,0,0,0,0,0,0,4,4,0,4,0,4,0,0,0,6,6,0,6,0,6,0,0,0
Mathews County Sheriff's Office,1980,Virginia,7917,VA05700,18,18,0,16,2,16,0,2,0,16,16,0,11,5,11,0,5,0,1,0,1,1,0,0,1,0,1,30,13,17,28,2,11,16,2,16,0,0,0,0,0,0,0,0,0,1,1,0,1,0,1,0,0,0,15,14,1,14,1,13,1,1,1,10,9,1,10,0,9,1,0,1,0,0,0,0,0,0,0,0,0,10,9,1,10,0,9,1,0,1,0,0,0,0,0,0,0,0,0,0,0,0,0,0,0,0,0,0,5,5,0,4,1,4,0,1,0,0,0,0,0,0,0,0,0,0,5,5,0,4,1,4,0,1,0,0,0,0,0,0,0,0,0,0,0,0,0,0,0,0,0,0,0,14,14,0,14,0,14,0,0,0,38,36,2,38,0,36,2,0,2,0,0,0,0,0,0,0,0,0,1,1,0,1,0,1,0,0,0,1,0,1,1,0,0,1,0,1,0,0,0,0,0,0,0,0,0,0,0,0,0,0,0,0,0,0,0,0,0,0,0,0,0,0,0,0,0,0,0,0,0,0,0,0,0,0,0,0,0,0,0,0,0,0,0,0,0,0,0,0,0,0,0,0,0,0,0,0,0,0,0,4,4,0,0,4,0,0,4,0,1,1,0,1,0,1,0,0,0,22,21,1,12,10,12,0,9,0,0,0,0,0,0,0,0,0,0,2,2,0,2,0,2,0,0,0,0,0,0,0,0,0,0,0,0,2,0,2,0,2,0,0,0,0,0,0,0,0,0,0,0,0,0,0,0,0,0,0,0,0,0,0,0,0,0,0,0,0,0,0,0,17,5,12,15,2,5,10,0,10,0,0,0,0,0,0,0,0,0,0,0,0,0,0,0,0,0,0,0,0,0,0,0,0,0,0,0
