state,year,aggravated_or_simple_assault_black_female_releases,aggravated_or_simple_assault_black_male_releases,aggravated_or_simple_assault_black_total_releases,aggravated_or_simple_assault_female_total_releases,aggravated_or_simple_assault_hispanic_female_releases,aggravated_or_simple_assault_hispanic_male_releases,aggravated_or_simple_assault_hispanic_total_releases,aggravated_or_simple_assault_male_total_releases,aggravated_or_simple_assault_other_or_unknown_female_releases,aggravated_or_simple_assault_other_or_unknown_male_releases,aggravated_or_simple_assault_other_or_unknown_total_releases,aggravated_or_simple_assault_total_total_releases,aggravated_or_simple_assault_white_female_releases,aggravated_or_simple_assault_white_male_releases,aggravated_or_simple_assault_white_total_releases,burglary_black_female_releases,burglary_black_male_releases,burglary_black_total_releases,burglary_female_total_releases,burglary_hispanic_female_releases,burglary_hispanic_male_releases,burglary_hispanic_total_releases,burglary_male_total_releases,burglary_other_or_unknown_female_releases,burglary_other_or_unknown_male_releases,burglary_other_or_unknown_total_releases,burglary_total_total_releases,burglary_white_female_releases,burglary_white_male_releases,burglary_white_total_releases,drugs_black_female_releases,drugs_black_male_releases,drugs_black_total_releases,drugs_female_total_releases,drugs_hispanic_female_releases,drugs_hispanic_male_releases,drugs_hispanic_total_releases,drugs_male_total_releases,drugs_other_or_unknown_female_releases,drugs_other_or_unknown_male_releases,drugs_other_or_unknown_total_releases,drugs_total_total_releases,drugs_white_female_releases,drugs_white_male_releases,drugs_white_total_releases,fraud_black_female_releases,fraud_black_male_releases,fraud_black_total_releases,fraud_female_total_releases,fraud_hispanic_female_releases,fraud_hispanic_male_releases,fraud_hispanic_total_releases,fraud_male_total_releases,fraud_other_or_unknown_female_releases,fraud_other_or_unknown_male_releases,fraud_other_or_unknown_total_releases,fraud_total_total_releases,fraud_white_female_releases,fraud_white_male_releases,fraud_white_total_releases,motor_vehicle_theft_black_female_releases,motor_vehicle_theft_black_male_releases,motor_vehicle_theft_black_total_releases,motor_vehicle_theft_female_total_releases,motor_vehicle_theft_hispanic_female_releases,motor_vehicle_theft_hispanic_male_releases,motor_vehicle_theft_hispanic_total_releases,motor_vehicle_theft_male_total_releases,motor_vehicle_theft_other_or_unknown_female_releases,motor_vehicle_theft_other_or_unknown_male_releases,motor_vehicle_theft_other_or_unknown_total_releases,motor_vehicle_theft_total_total_releases,motor_vehicle_theft_white_female_releases,motor_vehicle_theft_white_male_releases,motor_vehicle_theft_white_total_releases,murder_black_female_releases,murder_black_male_releases,murder_black_total_releases,murder_female_total_releases,murder_hispanic_female_releases,murder_hispanic_male_releases,murder_hispanic_total_releases,murder_male_total_releases,murder_other_or_unknown_female_releases,murder_other_or_unknown_male_releases,murder_other_or_unknown_total_releases,murder_total_total_releases,murder_white_female_releases,murder_white_male_releases,murder_white_total_releases,negligent_manslaughter_black_female_releases,negligent_manslaughter_black_male_releases,negligent_manslaughter_black_total_releases,negligent_manslaughter_female_total_releases,negligent_manslaughter_hispanic_female_releases,negligent_manslaughter_hispanic_male_releases,negligent_manslaughter_hispanic_total_releases,negligent_manslaughter_male_total_releases,negligent_manslaughter_other_or_unknown_female_releases,negligent_manslaughter_other_or_unknown_male_releases,negligent_manslaughter_other_or_unknown_total_releases,negligent_manslaughter_total_total_releases,negligent_manslaughter_white_female_releases,negligent_manslaughter_white_male_releases,negligent_manslaughter_white_total_releases,other_property_offenses_black_female_releases,other_property_offenses_black_male_releases,other_property_offenses_black_total_releases,other_property_offenses_female_total_releases,other_property_offenses_hispanic_female_releases,other_property_offenses_hispanic_male_releases,other_property_offenses_hispanic_total_releases,other_property_offenses_male_total_releases,other_property_offenses_other_or_unknown_female_releases,other_property_offenses_other_or_unknown_male_releases,other_property_offenses_other_or_unknown_total_releases,other_property_offenses_total_total_releases,other_property_offenses_white_female_releases,other_property_offenses_white_male_releases,other_property_offenses_white_total_releases,other_unknown_black_female_releases,other_unknown_black_male_releases,other_unknown_black_total_releases,other_unknown_female_total_releases,other_unknown_hispanic_female_releases,other_unknown_hispanic_male_releases,other_unknown_hispanic_total_releases,other_unknown_male_total_releases,other_unknown_other_or_unknown_female_releases,other_unknown_other_or_unknown_male_releases,other_unknown_other_or_unknown_total_releases,other_unknown_total_total_releases,other_unknown_white_female_releases,other_unknown_white_male_releases,other_unknown_white_total_releases,other_violent_offenses_black_female_releases,other_violent_offenses_black_male_releases,other_violent_offenses_black_total_releases,other_violent_offenses_female_total_releases,other_violent_offenses_hispanic_female_releases,other_violent_offenses_hispanic_male_releases,other_violent_offenses_hispanic_total_releases,other_violent_offenses_male_total_releases,other_violent_offenses_other_or_unknown_female_releases,other_violent_offenses_other_or_unknown_male_releases,other_violent_offenses_other_or_unknown_total_releases,other_violent_offenses_total_total_releases,other_violent_offenses_white_female_releases,other_violent_offenses_white_male_releases,other_violent_offenses_white_total_releases,public_order_black_female_releases,public_order_black_male_releases,public_order_black_total_releases,public_order_female_total_releases,public_order_hispanic_female_releases,public_order_hispanic_male_releases,public_order_hispanic_total_releases,public_order_male_total_releases,public_order_other_or_unknown_female_releases,public_order_other_or_unknown_male_releases,public_order_other_or_unknown_total_releases,public_order_total_total_releases,public_order_white_female_releases,public_order_white_male_releases,public_order_white_total_releases,rape_or_sexual_assault_black_female_releases,rape_or_sexual_assault_black_male_releases,rape_or_sexual_assault_black_total_releases,rape_or_sexual_assault_female_total_releases,rape_or_sexual_assault_hispanic_female_releases,rape_or_sexual_assault_hispanic_male_releases,rape_or_sexual_assault_hispanic_total_releases,rape_or_sexual_assault_male_total_releases,rape_or_sexual_assault_other_or_unknown_female_releases,rape_or_sexual_assault_other_or_unknown_male_releases,rape_or_sexual_assault_other_or_unknown_total_releases,rape_or_sexual_assault_total_total_releases,rape_or_sexual_assault_white_female_releases,rape_or_sexual_assault_white_male_releases,rape_or_sexual_assault_white_total_releases,robbery_black_female_releases,robbery_black_male_releases,robbery_black_total_releases,robbery_female_total_releases,robbery_hispanic_female_releases,robbery_hispanic_male_releases,robbery_hispanic_total_releases,robbery_male_total_releases,robbery_other_or_unknown_female_releases,robbery_other_or_unknown_male_releases,robbery_other_or_unknown_total_releases,robbery_total_total_releases,robbery_white_female_releases,robbery_white_male_releases,robbery_white_total_releases,theft_black_female_releases,theft_black_male_releases,theft_black_total_releases,theft_female_total_releases,theft_hispanic_female_releases,theft_hispanic_male_releases,theft_hispanic_total_releases,theft_male_total_releases,theft_other_or_unknown_female_releases,theft_other_or_unknown_male_releases,theft_other_or_unknown_total_releases,theft_total_total_releases,theft_white_female_releases,theft_white_male_releases,theft_white_total_releases,total_black_female_releases,total_black_male_releases,total_black_total_releases,total_hispanic_female_releases,total_hispanic_male_releases,total_hispanic_total_releases,total_other_or_unknown_female_releases,total_other_or_unknown_male_releases,total_other_or_unknown_total_releases,total_total_female_releases,total_total_male_releases,total_total_total_releases,total_white_female_releases,total_white_male_releases,total_white_total_releases,population_adult,population_aged_18_65,population,population_female,population_male,population_female_adult,population_male_adult,population_female_aged_18_65,population_male_aged_18_65,population_black,population_female_black,population_male_black,population_adult_black,population_female_adult_black,population_male_adult_black,population_aged_18_65_black,population_female_aged_18_65_black,population_male_aged_18_65_black,population_hispanic,population_female_hispanic,population_male_hispanic,population_adult_hispanic,population_female_adult_hispanic,population_male_adult_hispanic,population_aged_18_65_hispanic,population_female_aged_18_65_hispanic,population_male_aged_18_65_hispanic,population_other_or_unknown,population_female_other_or_unknown,population_male_other_or_unknown,population_adult_other_or_unknown,population_female_adult_other_or_unknown,population_male_adult_other_or_unknown,population_aged_18_65_other_or_unknown,population_female_aged_18_65_other_or_unknown,population_male_aged_18_65_other_or_unknown,population_white,population_female_white,population_male_white,population_adult_white,population_female_adult_white,population_male_adult_white,population_aged_18_65_white,population_female_aged_18_65_white,population_male_aged_18_65_white
Wyoming,2006,1,4,5,5,NA,10,10,62,1,10,11,67,3,38,41,NA,4,4,3,1,13,14,109,NA,3,3,112,2,89,91,NA,8,8,22,1,36,37,185,1,6,7,207,20,135,155,NA,2,2,13,1,6,7,59,NA,3,3,72,12,48,60,NA,NA,NA,NA,NA,NA,NA,NA,NA,NA,NA,NA,NA,NA,NA,NA,NA,NA,2,1,NA,1,13,NA,NA,NA,15,1,13,14,NA,NA,NA,1,NA,NA,NA,1,NA,NA,NA,2,1,1,2,NA,2,2,3,NA,4,4,42,1,3,4,45,2,33,35,NA,NA,NA,5,NA,NA,NA,5,NA,NA,NA,10,5,5,10,NA,1,1,NA,NA,2,2,10,NA,NA,NA,10,NA,7,7,NA,4,4,2,NA,6,6,66,1,8,9,68,1,48,49,NA,3,3,1,NA,2,2,51,NA,3,3,52,1,43,44,NA,3,3,NA,NA,4,4,22,NA,3,3,22,NA,12,12,NA,3,3,9,NA,3,3,47,1,3,4,56,8,38,46,1,34,35,4,86,90,5,42,47,66,672,738,56,510,566,393018,336338,515004,255976,259028,196867,196151,164884,171454,4704,2061,2643,3725,1346,2379,3555,1176,2379,36728,18829,17899,23816,12336,11480,22027,11158,10869,8148,3440,4708,5794,2643,3151,5628,2615,3013,450521,223161,227360,349959,174580,175379,296230,144539,151691
Wyoming,2007,NA,10,10,4,NA,15,15,78,2,6,8,82,2,47,49,NA,6,6,4,NA,13,13,99,NA,5,5,103,4,75,79,NA,9,9,26,1,41,42,170,3,3,6,196,22,117,139,NA,NA,NA,38,4,3,7,59,3,3,6,97,31,53,84,NA,NA,NA,NA,NA,NA,NA,NA,NA,NA,NA,NA,NA,NA,NA,NA,NA,NA,NA,NA,2,2,14,NA,NA,NA,14,NA,12,12,NA,NA,NA,NA,NA,NA,NA,2,NA,NA,NA,2,NA,2,2,NA,NA,NA,7,NA,5,5,35,NA,1,1,42,7,29,36,2,NA,2,9,1,2,3,8,NA,NA,NA,17,6,6,12,1,1,2,6,1,5,6,16,NA,NA,NA,22,4,10,14,1,2,3,4,NA,7,7,53,NA,3,3,57,3,41,44,NA,1,1,NA,NA,3,3,54,NA,3,3,54,NA,47,47,NA,4,4,1,NA,3,3,27,NA,NA,NA,28,1,20,21,NA,2,2,8,NA,6,6,51,NA,2,2,59,8,41,49,4,35,39,7,105,112,8,26,34,107,666,773,88,500,588,396119,337062,522830,255652,267178,194600,201519,162972,174090,2461,752,1709,1766,752,1014,1512,706,806,36753,15783,20970,24343,10689,13654,22894,10230,12664,11564,6653,4911,5840,3495,2345,5631,3352,2279,457688,224717,232971,354859,174670,180189,298521,144048,154473
Wyoming,2008,NA,6,6,8,NA,15,15,72,NA,5,5,80,8,46,54,NA,7,7,3,NA,13,13,106,NA,6,6,109,3,80,83,NA,5,5,47,4,33,37,146,3,10,13,193,40,98,138,2,3,5,29,4,2,6,57,2,4,6,86,21,48,69,NA,NA,NA,NA,NA,NA,NA,NA,NA,NA,NA,NA,NA,NA,NA,NA,NA,NA,2,1,1,2,11,NA,4,4,13,1,6,7,NA,NA,NA,NA,NA,NA,NA,2,NA,NA,NA,2,NA,2,2,NA,2,2,3,NA,NA,NA,32,NA,3,3,35,3,27,30,NA,NA,NA,6,1,2,3,7,NA,NA,NA,13,5,5,10,NA,1,1,10,NA,5,5,17,NA,1,1,27,10,10,20,NA,4,4,9,2,4,6,63,2,7,9,72,5,48,53,NA,1,1,1,NA,9,9,70,NA,3,3,71,1,57,58,NA,3,3,NA,NA,3,3,21,NA,1,1,21,NA,14,14,1,1,2,10,2,2,4,38,1,NA,1,48,6,35,41,3,33,36,14,89,103,8,44,52,128,642,770,103,476,579,404715,343138,532668,263380,269288,201704,203011,167914,175224,5263,2155,3108,3967,1604,2363,2389,822,1567,43385,21639,21746,27644,13360,14284,25911,12338,13573,11697,7350,4347,5986,3572,2414,4769,3152,1617,459892,225877,234015,357953,178515,179438,301727,147534,154193
Wyoming,2009,1,10,11,6,NA,13,13,83,2,5,7,89,3,55,58,NA,3,3,3,NA,8,8,99,NA,6,6,102,3,82,85,NA,15,15,25,2,29,31,167,4,8,12,192,19,115,134,2,1,3,27,1,4,5,48,NA,2,2,75,24,41,65,NA,NA,NA,NA,NA,NA,NA,NA,NA,NA,NA,NA,NA,NA,NA,NA,1,1,2,NA,NA,NA,11,NA,1,1,13,2,9,11,NA,NA,NA,NA,NA,2,2,5,NA,NA,NA,5,NA,3,3,NA,4,4,3,NA,6,6,46,1,2,3,49,2,34,36,2,1,3,5,1,2,3,8,NA,NA,NA,13,2,5,7,NA,2,2,4,NA,4,4,25,1,1,2,29,3,18,21,NA,1,1,10,2,8,10,52,3,4,7,62,5,39,44,NA,2,2,2,NA,17,17,88,NA,2,2,90,2,67,69,NA,2,2,NA,NA,1,1,18,NA,2,2,18,NA,13,13,NA,1,1,17,NA,3,3,50,1,4,5,67,16,42,58,5,43,48,6,97,103,12,37,49,104,700,804,81,523,604,414877,351648,544270,264778,279492,204172,210705,169202,182446,4874,776,4098,3251,367,2884,3068,184,2884,44072,19583,24489,28749,13669,15080,26053,12387,13666,11182,5692,5490,6065,3041,3024,5532,2653,2879,468548,230367,238181,365311,181056,184255,306118,148338,157780
Wyoming,2010,NA,6,6,4,NA,13,13,61,NA,5,5,65,4,37,41,NA,3,3,1,NA,7,7,113,NA,7,7,114,1,96,97,1,8,9,26,2,23,25,156,1,3,4,182,22,122,144,3,3,6,27,1,NA,1,44,1,3,4,71,22,38,60,NA,NA,NA,NA,NA,NA,NA,NA,NA,NA,NA,NA,NA,NA,NA,NA,1,1,1,NA,NA,NA,13,NA,3,3,14,1,9,10,NA,NA,NA,NA,NA,1,1,4,NA,2,2,4,NA,1,1,NA,2,2,4,NA,9,9,42,1,1,2,46,3,30,33,NA,NA,NA,15,2,3,5,4,NA,NA,NA,19,13,1,14,NA,NA,NA,4,1,1,2,16,NA,2,2,20,3,13,16,NA,2,2,5,NA,5,5,73,NA,4,4,78,5,62,67,NA,2,2,1,NA,15,15,92,NA,5,5,93,1,70,71,1,3,4,3,NA,2,2,21,NA,2,2,24,2,14,16,NA,1,1,4,NA,3,3,53,NA,NA,NA,57,4,49,53,5,31,36,6,82,88,3,37,40,95,692,787,81,542,623,427961,363280,564460,277752,286708,210827,217134,176212,187068,4992,1560,3432,4301,1122,3179,3365,871,2494,50125,24775,25350,30371,14927,15444,27903,13224,14679,8490,4290,4200,5260,2811,2449,4891,2569,2322,484504,238255,246249,377499,186298,191201,317412,154189,163223
Wyoming,2011,NA,10,10,4,1,16,17,73,1,5,6,77,2,42,44,NA,4,4,8,NA,21,21,119,1,10,11,127,7,84,91,2,9,11,39,2,16,18,141,NA,4,4,180,35,112,147,NA,2,2,23,1,1,2,38,3,1,4,61,19,34,53,NA,NA,NA,NA,NA,NA,NA,NA,NA,NA,NA,NA,NA,NA,NA,NA,NA,NA,NA,NA,2,2,22,NA,4,4,22,NA,16,16,NA,NA,NA,NA,NA,1,1,5,NA,NA,NA,5,NA,4,4,NA,1,1,2,1,6,7,41,NA,NA,NA,43,1,34,35,NA,1,1,7,NA,1,1,6,2,NA,2,13,5,4,9,NA,1,1,8,NA,4,4,18,NA,NA,NA,26,8,13,21,NA,3,3,8,1,8,9,78,2,7,9,86,5,60,65,NA,1,1,2,NA,10,10,80,NA,3,3,82,2,66,68,NA,NA,NA,NA,NA,1,1,12,NA,NA,NA,12,NA,11,11,NA,2,2,13,3,10,13,47,NA,1,1,60,10,34,44,2,34,36,9,97,106,9,35,44,114,680,794,94,514,608,433541,367758,568158,278935,289223,212981,220560,177593,190165,4552,1763,2789,4359,1570,2789,4332,1570,2762,51925,24180,27745,32104,15401,16703,29729,14170,15559,10455,4607,5848,5909,2265,3644,5414,1867,3547,486746,240120,246626,380786,187767,193019,319303,155097,164206
Wyoming,2012,NA,5,5,4,NA,20,20,84,NA,10,10,88,4,49,53,NA,1,1,9,1,10,11,112,NA,6,6,121,8,95,103,3,10,13,50,6,29,35,170,4,1,5,220,37,130,167,NA,1,1,25,3,4,7,42,4,1,5,67,18,36,54,NA,NA,NA,NA,NA,NA,NA,NA,NA,NA,NA,NA,NA,NA,NA,NA,1,1,1,NA,3,3,22,NA,1,1,23,1,17,18,NA,NA,NA,NA,NA,1,1,2,NA,NA,NA,2,NA,1,1,NA,1,1,4,NA,6,6,41,NA,1,1,45,4,33,37,NA,NA,NA,4,1,NA,1,NA,1,NA,1,4,2,NA,2,NA,2,2,8,NA,2,2,24,1,NA,1,32,7,20,27,NA,2,2,11,1,14,15,99,2,11,13,110,8,72,80,NA,NA,NA,2,NA,11,11,102,NA,3,3,104,2,88,90,NA,1,1,1,NA,1,1,14,NA,1,1,15,1,11,12,NA,2,2,9,1,5,6,45,NA,2,2,54,8,36,44,3,26,29,13,106,119,12,37,49,128,757,885,100,588,688,440162,371589,576412,284411,292001,218097,222065,181444,190145,5089,2980,2109,4054,2316,1738,3842,2316,1526,54253,26103,28150,36207,17557,18650,32726,15365,17361,14345,7394,6951,7982,4934,3048,7015,4070,2945,487559,239625,247934,381466,187655,193811,318753,154638,164115
Wyoming,2013,NA,4,4,5,NA,14,14,74,NA,11,11,79,5,45,50,NA,3,3,7,1,12,13,120,NA,9,9,127,6,96,102,NA,7,7,50,2,15,17,179,3,5,8,229,45,152,197,1,2,3,17,NA,2,2,32,NA,1,1,49,16,27,43,NA,NA,NA,NA,NA,NA,NA,NA,NA,NA,NA,NA,NA,NA,NA,NA,1,1,4,NA,1,1,12,NA,3,3,16,4,7,11,NA,NA,NA,1,NA,NA,NA,3,1,2,3,4,NA,1,1,NA,NA,NA,9,NA,6,6,49,NA,2,2,58,9,41,50,NA,1,1,6,NA,NA,NA,5,1,NA,1,11,5,4,9,2,NA,2,13,NA,1,1,16,NA,1,1,29,11,14,25,NA,6,6,11,1,13,14,135,2,13,15,146,8,103,111,NA,3,3,1,NA,6,6,83,NA,1,1,84,1,73,74,NA,3,3,1,1,1,2,20,NA,1,1,21,NA,15,15,NA,1,1,12,NA,3,3,48,NA,3,3,60,12,41,53,3,31,34,5,74,79,7,52,59,137,776,913,122,619,741,442390,373526,582658,286499,296159,219105,223285,182064,191462,7735,3548,4187,4894,2233,2661,4568,2024,2544,51893,24733,27160,33998,16226,17772,30403,14114,16289,13299,7229,6070,6780,4379,2401,6335,4061,2274,493667,242814,250853,385009,189780,195229,321365,156031,165334
Wyoming,2014,NA,9,9,3,NA,9,9,77,NA,13,13,80,3,46,49,NA,2,2,7,NA,8,8,120,NA,9,9,127,7,101,108,NA,8,8,41,4,27,31,176,5,10,15,217,32,131,163,NA,5,5,15,NA,1,1,32,NA,NA,NA,47,15,26,41,NA,NA,NA,NA,NA,NA,NA,NA,NA,NA,NA,NA,NA,NA,NA,1,1,2,3,NA,3,3,16,NA,4,4,19,2,8,10,NA,NA,NA,1,NA,NA,NA,2,1,1,2,3,NA,1,1,NA,3,3,1,NA,6,6,41,NA,3,3,42,1,29,30,NA,1,1,3,NA,NA,NA,2,1,NA,1,5,2,1,3,1,NA,1,9,NA,1,1,16,NA,NA,NA,25,8,15,23,NA,3,3,14,2,20,22,107,3,16,19,121,9,68,77,NA,3,3,3,NA,15,15,104,NA,2,2,107,3,84,87,NA,2,2,1,NA,3,3,25,NA,1,1,26,1,19,20,NA,2,2,10,NA,2,2,48,3,4,7,58,7,40,47,2,39,41,6,95,101,13,63,76,111,766,877,90,569,659,446810,374770,584153,287723,296430,220223,226587,180903,193867,6801,1971,4830,5150,1261,3889,4931,1261,3670,57227,29188,28039,37728,18875,18853,36060,17791,18269,11063,4202,6861,7049,2567,4482,6060,2181,3879,490803,241760,249043,383704,189379,194325,315459,152423,163036
Wyoming,2015,NA,4,4,3,NA,19,19,80,NA,10,10,83,3,47,50,NA,5,5,11,NA,9,9,125,2,8,10,136,9,103,112,2,12,14,56,3,28,31,209,4,9,13,265,47,160,207,1,3,4,21,NA,4,4,33,1,1,2,54,19,25,44,NA,NA,NA,NA,NA,NA,NA,NA,NA,NA,NA,NA,NA,NA,NA,NA,NA,NA,2,NA,1,1,14,NA,2,2,16,2,11,13,NA,NA,NA,NA,NA,1,1,4,NA,2,2,4,NA,1,1,NA,2,2,3,1,1,2,38,NA,2,2,41,2,33,35,NA,NA,NA,3,1,1,2,2,NA,NA,NA,5,2,1,3,1,2,3,13,1,NA,1,10,3,NA,3,23,8,8,16,NA,6,6,13,NA,17,17,101,1,5,6,114,12,73,85,NA,2,2,3,NA,10,10,67,NA,NA,NA,70,3,55,58,NA,4,4,3,1,3,4,31,NA,2,2,34,2,22,24,NA,2,2,15,1,5,6,50,1,1,2,65,13,42,55,4,42,46,8,99,107,12,42,54,146,764,910,122,581,703,446677,368905,586107,293248,292859,222276,224401,181073,187832,4805,1920,2885,3079,1294,1785,3042,1294,1748,57801,32654,25147,38292,19536,18756,34816,17543,17273,13773,6820,6953,6301,3946,2355,5787,3689,2098,492524,242805,249719,385053,189950,195103,312331,151448,160883
Wyoming,2016,NA,17,17,8,1,24,25,114,1,12,13,122,6,61,67,1,5,6,14,1,14,15,141,1,8,9,155,11,114,125,NA,12,12,68,8,36,44,223,3,8,11,291,57,167,224,2,1,3,18,2,NA,2,33,1,NA,1,51,13,32,45,NA,NA,NA,NA,NA,NA,NA,NA,NA,NA,NA,NA,NA,NA,NA,NA,1,1,2,NA,1,1,13,NA,2,2,15,2,9,11,NA,NA,NA,NA,NA,1,1,3,NA,1,1,3,NA,1,1,NA,1,1,5,NA,7,7,51,NA,1,1,56,5,42,47,NA,NA,NA,1,NA,1,1,2,NA,NA,NA,3,1,1,2,NA,NA,NA,11,1,2,3,20,NA,3,3,31,10,15,25,NA,7,7,12,NA,10,10,120,3,7,10,132,9,96,105,NA,3,3,3,NA,19,19,119,NA,2,2,122,3,95,98,NA,6,6,3,NA,5,5,32,NA,3,3,35,3,18,21,NA,2,2,4,NA,1,1,46,1,2,3,50,3,41,44,3,55,58,13,121,134,10,49,59,149,917,1066,123,692,815,445361,363174,585501,288697,296804,218603,226758,174854,188320,4539,1584,2955,3273,855,2418,3273,855,2418,56875,28013,28862,37567,16743,20824,33113,13978,19135,11095,6050,5045,6055,4045,2010,5695,3757,1938,493453,242286,251167,385411,189886,195525,309509,149873,159636
Wyoming,1991,NA,NA,NA,NA,NA,NA,NA,NA,NA,NA,NA,NA,NA,NA,NA,NA,NA,NA,NA,NA,NA,NA,NA,NA,NA,NA,NA,NA,NA,NA,NA,NA,NA,NA,NA,NA,NA,NA,NA,NA,NA,NA,NA,NA,NA,NA,NA,NA,NA,NA,NA,NA,NA,NA,NA,NA,NA,NA,NA,NA,NA,NA,NA,NA,NA,NA,NA,NA,NA,NA,NA,NA,NA,NA,NA,NA,NA,NA,NA,NA,NA,NA,NA,NA,NA,NA,NA,NA,NA,NA,NA,NA,NA,NA,NA,NA,NA,NA,NA,NA,NA,NA,NA,NA,NA,NA,NA,NA,NA,NA,NA,NA,NA,NA,NA,NA,NA,NA,NA,NA,NA,NA,NA,NA,NA,NA,NA,NA,NA,NA,NA,NA,NA,NA,NA,NA,NA,NA,NA,NA,NA,NA,NA,NA,NA,NA,NA,NA,NA,NA,NA,NA,NA,NA,NA,NA,NA,NA,NA,NA,NA,NA,NA,NA,NA,NA,NA,NA,NA,NA,NA,NA,NA,NA,NA,NA,NA,NA,NA,NA,NA,NA,NA,NA,NA,NA,NA,NA,NA,NA,NA,NA,NA,NA,NA,NA,NA,NA,NA,NA,NA,NA,NA,NA,NA,NA,NA,NA,NA,NA,NA,NA,NA,NA,NA,NA,NA,NA,NA,NA,NA,NA,NA,NA,NA,320386.4,275263.2,455179,228134.9,227044.1,161844.6,158541.8,136060,139203.2,2932.6,1183.9,1748.7,1927.3,697.1,1230.2,1849.9,654.8,1195.1,25458.1,12671.7,12786.4,15206.1,7864,7342.1,14193.5,7329.4,6864.1,1525.2,549.1,976.1,782.6,283,499.6,782.6,283,499.6,414212,208056.8,206155.2,295134.1,149294.9,145839.2,251691.8,124425.6,127266.2
Wyoming,1992,NA,NA,NA,NA,NA,NA,NA,NA,NA,NA,NA,NA,NA,NA,NA,NA,NA,NA,NA,NA,NA,NA,NA,NA,NA,NA,NA,NA,NA,NA,NA,NA,NA,NA,NA,NA,NA,NA,NA,NA,NA,NA,NA,NA,NA,NA,NA,NA,NA,NA,NA,NA,NA,NA,NA,NA,NA,NA,NA,NA,NA,NA,NA,NA,NA,NA,NA,NA,NA,NA,NA,NA,NA,NA,NA,NA,NA,NA,NA,NA,NA,NA,NA,NA,NA,NA,NA,NA,NA,NA,NA,NA,NA,NA,NA,NA,NA,NA,NA,NA,NA,NA,NA,NA,NA,NA,NA,NA,NA,NA,NA,NA,NA,NA,NA,NA,NA,NA,NA,NA,NA,NA,NA,NA,NA,NA,NA,NA,NA,NA,NA,NA,NA,NA,NA,NA,NA,NA,NA,NA,NA,NA,NA,NA,NA,NA,NA,NA,NA,NA,NA,NA,NA,NA,NA,NA,NA,NA,NA,NA,NA,NA,NA,NA,NA,NA,NA,NA,NA,NA,NA,NA,NA,NA,NA,NA,NA,NA,NA,NA,NA,NA,NA,NA,NA,NA,NA,NA,NA,NA,NA,NA,NA,NA,NA,NA,NA,NA,NA,NA,NA,NA,NA,NA,NA,NA,NA,NA,NA,NA,NA,NA,NA,NA,NA,NA,NA,NA,NA,NA,NA,NA,NA,NA,NA,323384.8,277599.4,457169,228703.8,228465.2,163201.2,160183.6,137185,140414.4,2993.2,1185.8,1807.4,1923.6,671.2,1252.4,1854.8,633.6,1221.2,26002.2,12934.4,13067.8,15548.2,8078,7470.2,14535,7555.8,6979.2,2899.4,1022.2,1877.2,1515.2,533,982.2,1515.2,533,982.2,414241,207954.6,206286.4,296984.2,150279.8,146704.4,252978.6,125176.2,127802.4
Wyoming,1993,NA,NA,NA,NA,NA,NA,NA,NA,NA,NA,NA,NA,NA,NA,NA,NA,NA,NA,NA,NA,NA,NA,NA,NA,NA,NA,NA,NA,NA,NA,NA,NA,NA,NA,NA,NA,NA,NA,NA,NA,NA,NA,NA,NA,NA,NA,NA,NA,NA,NA,NA,NA,NA,NA,NA,NA,NA,NA,NA,NA,NA,NA,NA,NA,NA,NA,NA,NA,NA,NA,NA,NA,NA,NA,NA,NA,NA,NA,NA,NA,NA,NA,NA,NA,NA,NA,NA,NA,NA,NA,NA,NA,NA,NA,NA,NA,NA,NA,NA,NA,NA,NA,NA,NA,NA,NA,NA,NA,NA,NA,NA,NA,NA,NA,NA,NA,NA,NA,NA,NA,NA,NA,NA,NA,NA,NA,NA,NA,NA,NA,NA,NA,NA,NA,NA,NA,NA,NA,NA,NA,NA,NA,NA,NA,NA,NA,NA,NA,NA,NA,NA,NA,NA,NA,NA,NA,NA,NA,NA,NA,NA,NA,NA,NA,NA,NA,NA,NA,NA,NA,NA,NA,NA,NA,NA,NA,NA,NA,NA,NA,NA,NA,NA,NA,NA,NA,NA,NA,NA,NA,NA,NA,NA,NA,NA,NA,NA,NA,NA,NA,NA,NA,NA,NA,NA,NA,NA,NA,NA,NA,NA,NA,NA,NA,NA,NA,NA,NA,NA,NA,NA,NA,NA,NA,NA,326383.2,279935.6,459159,229272.7,229886.3,164557.8,161825.4,138310,141625.6,3053.8,1187.7,1866.1,1919.9,645.3,1274.6,1859.7,612.4,1247.3,26546.3,13197.1,13349.2,15890.3,8292,7598.3,14876.5,7782.2,7094.3,4273.6,1495.3,2778.3,2247.8,783,1464.8,2247.8,783,1464.8,414270,207852.4,206417.6,298834.3,151264.7,147569.6,254265.4,125926.8,128338.6
Wyoming,1994,NA,NA,NA,NA,NA,NA,NA,NA,NA,NA,NA,NA,NA,NA,NA,NA,NA,NA,NA,NA,NA,NA,NA,NA,NA,NA,NA,NA,NA,NA,NA,NA,NA,NA,NA,NA,NA,NA,NA,NA,NA,NA,NA,NA,NA,NA,NA,NA,NA,NA,NA,NA,NA,NA,NA,NA,NA,NA,NA,NA,NA,NA,NA,NA,NA,NA,NA,NA,NA,NA,NA,NA,NA,NA,NA,NA,NA,NA,NA,NA,NA,NA,NA,NA,NA,NA,NA,NA,NA,NA,NA,NA,NA,NA,NA,NA,NA,NA,NA,NA,NA,NA,NA,NA,NA,NA,NA,NA,NA,NA,NA,NA,NA,NA,NA,NA,NA,NA,NA,NA,NA,NA,NA,NA,NA,NA,NA,NA,NA,NA,NA,NA,NA,NA,NA,NA,NA,NA,NA,NA,NA,NA,NA,NA,NA,NA,NA,NA,NA,NA,NA,NA,NA,NA,NA,NA,NA,NA,NA,NA,NA,NA,NA,NA,NA,NA,NA,NA,NA,NA,NA,NA,NA,NA,NA,NA,NA,NA,NA,NA,NA,NA,NA,NA,NA,NA,NA,NA,NA,NA,NA,NA,NA,NA,NA,NA,NA,NA,NA,NA,NA,NA,NA,NA,NA,NA,NA,NA,NA,NA,NA,NA,NA,NA,NA,NA,NA,NA,NA,NA,NA,NA,NA,NA,NA,329381.6,282271.8,461149,229841.6,231307.4,165914.4,163467.2,139435,142836.8,3114.4,1189.6,1924.8,1916.2,619.4,1296.8,1864.6,591.2,1273.4,27090.4,13459.8,13630.6,16232.4,8506,7726.4,15218,8008.6,7209.4,5647.8,1968.4,3679.4,2980.4,1033,1947.4,2980.4,1033,1947.4,414299,207750.2,206548.8,300684.4,152249.6,148434.8,255552.2,126677.4,128874.8
Wyoming,1995,NA,NA,NA,NA,NA,NA,NA,NA,NA,NA,NA,NA,NA,NA,NA,NA,NA,NA,NA,NA,NA,NA,NA,NA,NA,NA,NA,NA,NA,NA,NA,NA,NA,NA,NA,NA,NA,NA,NA,NA,NA,NA,NA,NA,NA,NA,NA,NA,NA,NA,NA,NA,NA,NA,NA,NA,NA,NA,NA,NA,NA,NA,NA,NA,NA,NA,NA,NA,NA,NA,NA,NA,NA,NA,NA,NA,NA,NA,NA,NA,NA,NA,NA,NA,NA,NA,NA,NA,NA,NA,NA,NA,NA,NA,NA,NA,NA,NA,NA,NA,NA,NA,NA,NA,NA,NA,NA,NA,NA,NA,NA,NA,NA,NA,NA,NA,NA,NA,NA,NA,NA,NA,NA,NA,NA,NA,NA,NA,NA,NA,NA,NA,NA,NA,NA,NA,NA,NA,NA,NA,NA,NA,NA,NA,NA,NA,NA,NA,NA,NA,NA,NA,NA,NA,NA,NA,NA,NA,NA,NA,NA,NA,NA,NA,NA,NA,NA,NA,NA,NA,NA,NA,NA,NA,NA,NA,NA,NA,NA,NA,NA,NA,NA,NA,NA,NA,NA,NA,NA,NA,NA,NA,NA,NA,NA,NA,NA,NA,NA,NA,NA,NA,NA,NA,NA,NA,NA,NA,NA,NA,NA,NA,NA,NA,NA,NA,NA,NA,NA,NA,NA,NA,NA,NA,NA,332380,284608,463139,230410.5,232728.5,167271,165109,140560,144048,3175,1191.5,1983.5,1912.5,593.5,1319,1869.5,570,1299.5,27634.5,13722.5,13912,16574.5,8720,7854.5,15559.5,8235,7324.5,7022,2441.5,4580.5,3713,1283,2430,3713,1283,2430,414328,207648,206680,302534.5,153234.5,149300,256839,127428,129411
Wyoming,1996,NA,NA,NA,NA,NA,NA,NA,NA,NA,NA,NA,NA,NA,NA,NA,NA,NA,NA,NA,NA,NA,NA,NA,NA,NA,NA,NA,NA,NA,NA,NA,NA,NA,NA,NA,NA,NA,NA,NA,NA,NA,NA,NA,NA,NA,NA,NA,NA,NA,NA,NA,NA,NA,NA,NA,NA,NA,NA,NA,NA,NA,NA,NA,NA,NA,NA,NA,NA,NA,NA,NA,NA,NA,NA,NA,NA,NA,NA,NA,NA,NA,NA,NA,NA,NA,NA,NA,NA,NA,NA,NA,NA,NA,NA,NA,NA,NA,NA,NA,NA,NA,NA,NA,NA,NA,NA,NA,NA,NA,NA,NA,NA,NA,NA,NA,NA,NA,NA,NA,NA,NA,NA,NA,NA,NA,NA,NA,NA,NA,NA,NA,NA,NA,NA,NA,NA,NA,NA,NA,NA,NA,NA,NA,NA,NA,NA,NA,NA,NA,NA,NA,NA,NA,NA,NA,NA,NA,NA,NA,NA,NA,NA,NA,NA,NA,NA,NA,NA,NA,NA,NA,NA,NA,NA,NA,NA,NA,NA,NA,NA,NA,NA,NA,NA,NA,NA,NA,NA,NA,NA,NA,NA,NA,NA,NA,NA,NA,NA,NA,NA,NA,NA,NA,NA,NA,NA,NA,NA,NA,NA,NA,NA,NA,NA,NA,NA,NA,NA,NA,NA,NA,NA,NA,NA,NA,335378.4,286944.2,465129,230979.4,234149.6,168627.6,166750.8,141685,145259.2,3235.6,1193.4,2042.2,1908.8,567.6,1341.2,1874.4,548.8,1325.6,28178.6,13985.2,14193.4,16916.6,8934,7982.6,15901,8461.4,7439.6,8396.2,2914.6,5481.6,4445.6,1533,2912.6,4445.6,1533,2912.6,414357,207545.8,206811.2,304384.6,154219.4,150165.2,258125.8,128178.6,129947.2
Wyoming,1997,NA,NA,NA,NA,NA,NA,NA,NA,NA,NA,NA,NA,NA,NA,NA,NA,NA,NA,NA,NA,NA,NA,NA,NA,NA,NA,NA,NA,NA,NA,NA,NA,NA,NA,NA,NA,NA,NA,NA,NA,NA,NA,NA,NA,NA,NA,NA,NA,NA,NA,NA,NA,NA,NA,NA,NA,NA,NA,NA,NA,NA,NA,NA,NA,NA,NA,NA,NA,NA,NA,NA,NA,NA,NA,NA,NA,NA,NA,NA,NA,NA,NA,NA,NA,NA,NA,NA,NA,NA,NA,NA,NA,NA,NA,NA,NA,NA,NA,NA,NA,NA,NA,NA,NA,NA,NA,NA,NA,NA,NA,NA,NA,NA,NA,NA,NA,NA,NA,NA,NA,NA,NA,NA,NA,NA,NA,NA,NA,NA,NA,NA,NA,NA,NA,NA,NA,NA,NA,NA,NA,NA,NA,NA,NA,NA,NA,NA,NA,NA,NA,NA,NA,NA,NA,NA,NA,NA,NA,NA,NA,NA,NA,NA,NA,NA,NA,NA,NA,NA,NA,NA,NA,NA,NA,NA,NA,NA,NA,NA,NA,NA,NA,NA,NA,NA,NA,NA,NA,NA,NA,NA,NA,NA,NA,NA,NA,NA,NA,NA,NA,NA,NA,NA,NA,NA,NA,NA,NA,NA,NA,NA,NA,NA,NA,NA,NA,NA,NA,NA,NA,NA,NA,NA,NA,NA,338376.8,289280.4,467119,231548.3,235570.7,169984.2,168392.6,142810,146470.4,3296.2,1195.3,2100.9,1905.1,541.7,1363.4,1879.3,527.6,1351.7,28722.7,14247.9,14474.8,17258.7,9148,8110.7,16242.5,8687.8,7554.7,9770.4,3387.7,6382.7,5178.2,1783,3395.2,5178.2,1783,3395.2,414386,207443.6,206942.4,306234.7,155204.3,151030.4,259412.6,128929.2,130483.4
Wyoming,1998,NA,NA,NA,NA,NA,NA,NA,NA,NA,NA,NA,NA,NA,NA,NA,NA,NA,NA,NA,NA,NA,NA,NA,NA,NA,NA,NA,NA,NA,NA,NA,NA,NA,NA,NA,NA,NA,NA,NA,NA,NA,NA,NA,NA,NA,NA,NA,NA,NA,NA,NA,NA,NA,NA,NA,NA,NA,NA,NA,NA,NA,NA,NA,NA,NA,NA,NA,NA,NA,NA,NA,NA,NA,NA,NA,NA,NA,NA,NA,NA,NA,NA,NA,NA,NA,NA,NA,NA,NA,NA,NA,NA,NA,NA,NA,NA,NA,NA,NA,NA,NA,NA,NA,NA,NA,NA,NA,NA,NA,NA,NA,NA,NA,NA,NA,NA,NA,NA,NA,NA,NA,NA,NA,NA,NA,NA,NA,NA,NA,NA,NA,NA,NA,NA,NA,NA,NA,NA,NA,NA,NA,NA,NA,NA,NA,NA,NA,NA,NA,NA,NA,NA,NA,NA,NA,NA,NA,NA,NA,NA,NA,NA,NA,NA,NA,NA,NA,NA,NA,NA,NA,NA,NA,NA,NA,NA,NA,NA,NA,NA,NA,NA,NA,NA,NA,NA,NA,NA,NA,NA,NA,NA,NA,NA,NA,NA,NA,NA,NA,NA,NA,NA,NA,NA,NA,NA,NA,NA,NA,NA,NA,NA,NA,NA,NA,NA,NA,NA,NA,NA,NA,NA,NA,NA,NA,341375.2,291616.6,469109,232117.2,236991.8,171340.8,170034.4,143935,147681.6,3356.8,1197.2,2159.6,1901.4,515.8,1385.6,1884.2,506.4,1377.8,29266.8,14510.6,14756.2,17600.8,9362,8238.8,16584,8914.2,7669.8,11144.6,3860.8,7283.8,5910.8,2033,3877.8,5910.8,2033,3877.8,414415,207341.4,207073.6,308084.8,156189.2,151895.6,260699.4,129679.8,131019.6
Wyoming,1999,NA,NA,NA,NA,NA,NA,NA,NA,NA,NA,NA,NA,NA,NA,NA,NA,NA,NA,NA,NA,NA,NA,NA,NA,NA,NA,NA,NA,NA,NA,NA,NA,NA,NA,NA,NA,NA,NA,NA,NA,NA,NA,NA,NA,NA,NA,NA,NA,NA,NA,NA,NA,NA,NA,NA,NA,NA,NA,NA,NA,NA,NA,NA,NA,NA,NA,NA,NA,NA,NA,NA,NA,NA,NA,NA,NA,NA,NA,NA,NA,NA,NA,NA,NA,NA,NA,NA,NA,NA,NA,NA,NA,NA,NA,NA,NA,NA,NA,NA,NA,NA,NA,NA,NA,NA,NA,NA,NA,NA,NA,NA,NA,NA,NA,NA,NA,NA,NA,NA,NA,NA,NA,NA,NA,NA,NA,NA,NA,NA,NA,NA,NA,NA,NA,NA,NA,NA,NA,NA,NA,NA,NA,NA,NA,NA,NA,NA,NA,NA,NA,NA,NA,NA,NA,NA,NA,NA,NA,NA,NA,NA,NA,NA,NA,NA,NA,NA,NA,NA,NA,NA,NA,NA,NA,NA,NA,NA,NA,NA,NA,NA,NA,NA,NA,NA,NA,NA,NA,NA,NA,NA,NA,NA,NA,NA,NA,NA,NA,NA,NA,NA,NA,NA,NA,NA,NA,NA,NA,NA,NA,NA,NA,NA,NA,NA,NA,NA,NA,NA,NA,NA,NA,NA,NA,NA,344373.6,293952.8,471099,232686.1,238412.9,172697.4,171676.2,145060,148892.8,3417.4,1199.1,2218.3,1897.7,489.9,1407.8,1889.1,485.2,1403.9,29810.9,14773.3,15037.6,17942.9,9576,8366.9,16925.5,9140.6,7784.9,12518.8,4333.9,8184.9,6643.4,2283,4360.4,6643.4,2283,4360.4,414444,207239.2,207204.8,309934.9,157174.1,152760.8,261986.2,130430.4,131555.8
Wyoming,2e3,NA,NA,NA,NA,NA,NA,NA,NA,NA,NA,NA,NA,NA,NA,NA,NA,NA,NA,NA,NA,NA,NA,NA,NA,NA,NA,NA,NA,NA,NA,NA,NA,NA,NA,NA,NA,NA,NA,NA,NA,NA,NA,NA,NA,NA,NA,NA,NA,NA,NA,NA,NA,NA,NA,NA,NA,NA,NA,NA,NA,NA,NA,NA,NA,NA,NA,NA,NA,NA,NA,NA,NA,NA,NA,NA,NA,NA,NA,NA,NA,NA,NA,NA,NA,NA,NA,NA,NA,NA,NA,NA,NA,NA,NA,NA,NA,NA,NA,NA,NA,NA,NA,NA,NA,NA,NA,NA,NA,NA,NA,NA,NA,NA,NA,NA,NA,NA,NA,NA,NA,NA,NA,NA,NA,NA,NA,NA,NA,NA,NA,NA,NA,NA,NA,NA,NA,NA,NA,NA,NA,NA,NA,NA,NA,NA,NA,NA,NA,NA,NA,NA,NA,NA,NA,NA,NA,NA,NA,NA,NA,NA,NA,NA,NA,NA,NA,NA,NA,NA,NA,NA,NA,NA,NA,NA,NA,NA,NA,NA,NA,NA,NA,NA,NA,NA,NA,NA,NA,NA,NA,NA,NA,NA,NA,NA,NA,NA,NA,NA,NA,NA,NA,NA,NA,NA,NA,NA,NA,NA,NA,NA,NA,NA,NA,NA,NA,NA,NA,NA,NA,NA,NA,NA,NA,NA,347372,296289,473089,233255,239834,174054,173318,146185,150104,3478,1201,2277,1894,464,1430,1894,464,1430,30355,15036,15319,18285,9790,8495,17267,9367,7900,13893,4807,9086,7376,2533,4843,7376,2533,4843,414473,207137,207336,311785,158159,153626,263273,131181,132092
Wyoming,2001,NA,NA,NA,NA,NA,NA,NA,NA,NA,NA,NA,NA,NA,NA,NA,NA,NA,NA,NA,NA,NA,NA,NA,NA,NA,NA,NA,NA,NA,NA,NA,NA,NA,NA,NA,NA,NA,NA,NA,NA,NA,NA,NA,NA,NA,NA,NA,NA,NA,NA,NA,NA,NA,NA,NA,NA,NA,NA,NA,NA,NA,NA,NA,NA,NA,NA,NA,NA,NA,NA,NA,NA,NA,NA,NA,NA,NA,NA,NA,NA,NA,NA,NA,NA,NA,NA,NA,NA,NA,NA,NA,NA,NA,NA,NA,NA,NA,NA,NA,NA,NA,NA,NA,NA,NA,NA,NA,NA,NA,NA,NA,NA,NA,NA,NA,NA,NA,NA,NA,NA,NA,NA,NA,NA,NA,NA,NA,NA,NA,NA,NA,NA,NA,NA,NA,NA,NA,NA,NA,NA,NA,NA,NA,NA,NA,NA,NA,NA,NA,NA,NA,NA,NA,NA,NA,NA,NA,NA,NA,NA,NA,NA,NA,NA,NA,NA,NA,NA,NA,NA,NA,NA,NA,NA,NA,NA,NA,NA,NA,NA,NA,NA,NA,NA,NA,NA,NA,NA,NA,NA,NA,NA,NA,NA,NA,NA,NA,NA,NA,NA,NA,NA,NA,NA,NA,NA,NA,NA,NA,NA,NA,NA,NA,NA,NA,NA,NA,NA,NA,NA,NA,NA,NA,NA,NA,358315,308081,480332,240876,239456,180820,177495,152861,155220,3599,2026,1573,2433,1217,1216,2213,1055,1158,31605,15542,16063,20651,9928,10723,19280,9275,10005,8297,4388,3909,5498,2977,2521,5197,2880,2317,426087,212944,213143,322566,162600,159966,274865,136044,138821
Wyoming,2002,NA,NA,NA,NA,NA,NA,NA,NA,NA,NA,NA,NA,NA,NA,NA,NA,NA,NA,NA,NA,NA,NA,NA,NA,NA,NA,NA,NA,NA,NA,NA,NA,NA,NA,NA,NA,NA,NA,NA,NA,NA,NA,NA,NA,NA,NA,NA,NA,NA,NA,NA,NA,NA,NA,NA,NA,NA,NA,NA,NA,NA,NA,NA,NA,NA,NA,NA,NA,NA,NA,NA,NA,NA,NA,NA,NA,NA,NA,NA,NA,NA,NA,NA,NA,NA,NA,NA,NA,NA,NA,NA,NA,NA,NA,NA,NA,NA,NA,NA,NA,NA,NA,NA,NA,NA,NA,NA,NA,NA,NA,NA,NA,NA,NA,NA,NA,NA,NA,NA,NA,NA,NA,NA,NA,NA,NA,NA,NA,NA,NA,NA,NA,NA,NA,NA,NA,NA,NA,NA,NA,NA,NA,NA,NA,NA,NA,NA,NA,NA,NA,NA,NA,NA,NA,NA,NA,NA,NA,NA,NA,NA,NA,NA,NA,NA,NA,NA,NA,NA,NA,NA,NA,NA,NA,NA,NA,NA,NA,NA,NA,NA,NA,NA,NA,NA,NA,NA,NA,NA,NA,NA,NA,NA,NA,NA,NA,NA,NA,NA,NA,NA,NA,NA,NA,NA,NA,NA,NA,NA,NA,NA,NA,NA,NA,NA,NA,NA,NA,NA,NA,NA,NA,NA,NA,NA,363129,310337,484833,241138,243695,182866,180263,153869,156468,2994,1405,1589,2442,985,1457,2043,859,1184,32470,15158,17312,21330,10252,11078,19279,9205,10074,8448,4086,4362,4434,2203,2231,4023,1928,2095,429726,214361,215365,327583,165281,162302,277998,137830,140168
Wyoming,2003,NA,NA,NA,NA,NA,NA,NA,NA,NA,NA,NA,NA,NA,NA,NA,NA,NA,NA,NA,NA,NA,NA,NA,NA,NA,NA,NA,NA,NA,NA,NA,NA,NA,NA,NA,NA,NA,NA,NA,NA,NA,NA,NA,NA,NA,NA,NA,NA,NA,NA,NA,NA,NA,NA,NA,NA,NA,NA,NA,NA,NA,NA,NA,NA,NA,NA,NA,NA,NA,NA,NA,NA,NA,NA,NA,NA,NA,NA,NA,NA,NA,NA,NA,NA,NA,NA,NA,NA,NA,NA,NA,NA,NA,NA,NA,NA,NA,NA,NA,NA,NA,NA,NA,NA,NA,NA,NA,NA,NA,NA,NA,NA,NA,NA,NA,NA,NA,NA,NA,NA,NA,NA,NA,NA,NA,NA,NA,NA,NA,NA,NA,NA,NA,NA,NA,NA,NA,NA,NA,NA,NA,NA,NA,NA,NA,NA,NA,NA,NA,NA,NA,NA,NA,NA,NA,NA,NA,NA,NA,NA,NA,NA,NA,NA,NA,NA,NA,NA,NA,NA,NA,NA,NA,NA,NA,NA,NA,NA,NA,NA,NA,NA,NA,NA,NA,NA,NA,NA,NA,NA,NA,NA,NA,NA,NA,NA,NA,NA,NA,NA,NA,NA,NA,NA,NA,NA,NA,NA,NA,NA,NA,NA,NA,NA,NA,NA,NA,NA,NA,NA,NA,NA,NA,NA,NA,367675,315308,487341,243545,243796,185285,182390,156305,159003,3526,1559,1967,2435,1067,1368,2233,906,1327,33239,16637,16602,21760,10568,11192,20103,9510,10593,8383,3819,4564,5742,2707,3035,5352,2575,2777,430938,215517,215421,330067,166557,163510,280932,139350,141582
Wyoming,2004,NA,NA,NA,NA,NA,NA,NA,NA,NA,NA,NA,NA,NA,NA,NA,NA,NA,NA,NA,NA,NA,NA,NA,NA,NA,NA,NA,NA,NA,NA,NA,NA,NA,NA,NA,NA,NA,NA,NA,NA,NA,NA,NA,NA,NA,NA,NA,NA,NA,NA,NA,NA,NA,NA,NA,NA,NA,NA,NA,NA,NA,NA,NA,NA,NA,NA,NA,NA,NA,NA,NA,NA,NA,NA,NA,NA,NA,NA,NA,NA,NA,NA,NA,NA,NA,NA,NA,NA,NA,NA,NA,NA,NA,NA,NA,NA,NA,NA,NA,NA,NA,NA,NA,NA,NA,NA,NA,NA,NA,NA,NA,NA,NA,NA,NA,NA,NA,NA,NA,NA,NA,NA,NA,NA,NA,NA,NA,NA,NA,NA,NA,NA,NA,NA,NA,NA,NA,NA,NA,NA,NA,NA,NA,NA,NA,NA,NA,NA,NA,NA,NA,NA,NA,NA,NA,NA,NA,NA,NA,NA,NA,NA,NA,NA,NA,NA,NA,NA,NA,NA,NA,NA,NA,NA,NA,NA,NA,NA,NA,NA,NA,NA,NA,NA,NA,NA,NA,NA,NA,NA,NA,NA,NA,NA,NA,NA,NA,NA,NA,NA,NA,NA,NA,NA,NA,NA,NA,NA,NA,NA,NA,NA,NA,NA,NA,NA,NA,NA,NA,NA,NA,NA,NA,NA,NA,376652,323598,492534,245797,246737,189525,187127,160839,162759,3538,1531,2007,2717,1216,1501,2619,1182,1437,33011,16528,16483,22145,10997,11148,20525,10320,10205,5950,2847,3103,3857,1974,1883,3606,1770,1836,436212,218162,218050,338695,170785,167910,288195,143242,144953
Wyoming,2005,NA,NA,NA,NA,NA,NA,NA,NA,NA,NA,NA,NA,NA,NA,NA,NA,NA,NA,NA,NA,NA,NA,NA,NA,NA,NA,NA,NA,NA,NA,NA,NA,NA,NA,NA,NA,NA,NA,NA,NA,NA,NA,NA,NA,NA,NA,NA,NA,NA,NA,NA,NA,NA,NA,NA,NA,NA,NA,NA,NA,NA,NA,NA,NA,NA,NA,NA,NA,NA,NA,NA,NA,NA,NA,NA,NA,NA,NA,NA,NA,NA,NA,NA,NA,NA,NA,NA,NA,NA,NA,NA,NA,NA,NA,NA,NA,NA,NA,NA,NA,NA,NA,NA,NA,NA,NA,NA,NA,NA,NA,NA,NA,NA,NA,NA,NA,NA,NA,NA,NA,NA,NA,NA,NA,NA,NA,NA,NA,NA,NA,NA,NA,NA,NA,NA,NA,NA,NA,NA,NA,NA,NA,NA,NA,NA,NA,NA,NA,NA,NA,NA,NA,NA,NA,NA,NA,NA,NA,NA,NA,NA,NA,NA,NA,NA,NA,NA,NA,NA,NA,NA,NA,NA,NA,NA,NA,NA,NA,NA,NA,NA,NA,NA,NA,NA,NA,NA,NA,NA,NA,NA,NA,NA,NA,NA,NA,NA,NA,NA,NA,NA,NA,NA,NA,NA,NA,NA,NA,NA,NA,NA,NA,NA,NA,NA,NA,NA,NA,NA,NA,NA,NA,NA,NA,NA,383367,327533,494170,248594,245576,194756,188611,163422,164111,3858,1450,2408,2092,1090,1002,1993,1090,903,36722,18952,17770,25508,12997,12511,23225,11319,11906,6313,3163,3150,4528,2457,2071,3918,1926,1992,435913,218255,217658,342959,173163,169796,290616,144290,146326
